{
  "code": 0,
  "msg": "success",
  "pageCount": 1,
  "total": 34,
  "rowSet": [
    {
      "SCDZ": "北仑戚家山街道京甬路111号",
      "NJXSSR": "1500",
      "HXP": "1,2-二甲苯，95-47-6;乙酸正丁酯，123-86-4;乙醇[无水]，64-17-5;甲苯，108-88-3;2-丙醇，67-63-0;环己酮，108-94-1;醇酸清漆，;氨基漆稀释剂，;硝基漆稀释剂，;正丁醇，71-36-3;乙酸乙酯，141-78-6;2-丁酮，78-93-3;丙酮，108-94-1;甲醇，67-56-1;醇酸树脂，;氨基树脂，;石脑油，8030-30-6",
      "CGRJ": "1300",
      "WHZRS": 6,
      "CREATE_NAME": "系统开发",
      "ZGRS": 22,
      "QYFZR": "柯德云",
      "ZDWXYJB": "005",
      "FGAQRSJ": "13566364477",
      "CREATOR_ID": "6666",
      "FZRSJ": "13806633138",
      "QYLX": "002",
      "AQSCBZHDJ": "003",
      "QYMC": "宁波市北仑区小港化剂有限公司",
      "WZWD": "29.95269",
      "CREATE_TIME": "2019-11-22",
      "UUID": "1",
      "TZRS": 3,
      "YJZDH": "0574-86220329",
      "UPDATE_NAME": "系统开发",
      "WKFJZMJ": "630",
      "JHZRS": 0,
      "UPDATE_TIME": "2019-11-22",
      "ZASGRS": 1,
      "DELETE_FLAG": "0",
      "WZJD": "121.79417",
      "FGAQR": "柯盈盈",
      "ZDWXY": "",
      "WXGY": "",
      "UPDATE_ID": "6666"
    },
    {
      "SCDZ": "宁波市北仑区春晓镇昆亭乐海路1号",
      "NJXSSR": "900.00000000",
      "HXP": "碳化钙，75-20-7;丙酮，67-64-1;乙炔，74-86-2;氧[压缩的或液化的]，7782-44-7",
      "CGRJ": "150",
      "WHZRS": 8,
      "CREATE_NAME": "系统开发",
      "ZGRS": 35,
      "QYFZR": "唐旭东",
      "ZDWXYJB": "004",
      "FGAQRSJ": "15258290533",
      "CREATOR_ID": "6666",
      "FZRSJ": "13355945168",
      "QYLX": "002",
      "AQSCBZHDJ": "003",
      "QYMC": "宁波市北仑欧绿乙炔制造有限公司",
      "WZWD": "29.78000000",
      "CREATE_TIME": "2019-11-22",
      "UUID": "2",
      "TZRS": 6,
      "YJZDH": "0574-86088457",
      "UPDATE_NAME": "系统开发",
      "WKFJZMJ": "11386.32",
      "JHZRS": 0,
      "UPDATE_TIME": "2019-11-22",
      "ZASGRS": 1,
      "DELETE_FLAG": "0",
      "WZJD": "121.87000000",
      "FGAQR": "张建华",
      "ZDWXY": "乙炔生产区，4",
      "WXGY": "",
      "UPDATE_ID": "6666"
    },
    {
      "SCDZ": "浙江省宁波市北仑区霞浦街道临港二路188号",
      "NJXSSR": "8943.00000000",
      "HXP": "氮[压缩的或液化的]，7727-37-9;氢，1333-74-0;氩[压缩的或液化的]，7440-37-1;氧[压缩的或液化的]，7782-44-7;二氧化碳[压缩的或液化的]，124-38-9;氪氙混合气，",
      "CGRJ": "1150",
      "WHZRS": 0,
      "CREATE_NAME": "系统开发",
      "ZGRS": 48,
      "QYFZR": "付传",
      "ZDWXYJB": "004",
      "FGAQRSJ": "13957435005",
      "CREATOR_ID": "6666",
      "FZRSJ": "13916369067",
      "QYLX": "002",
      "AQSCBZHDJ": "003",
      "QYMC": "林德气体（宁波）有限公司北仑分公司",
      "WZWD": "29.89936000",
      "CREATE_TIME": "2019-11-22",
      "UUID": "3",
      "TZRS": 2,
      "YJZDH": "0574-86803821",
      "UPDATE_NAME": "系统开发",
      "WKFJZMJ": "1130",
      "JHZRS": 0,
      "UPDATE_TIME": "2019-11-22",
      "ZASGRS": 2,
      "DELETE_FLAG": "0",
      "WZJD": "121.87949000",
      "FGAQR": "赵义明",
      "ZDWXY": "林德气体（宁波）有限公司北仑分公司生产装置区，4",
      "WXGY": "",
      "UPDATE_ID": "6666"
    },
    {
      "SCDZ": "宁波市北仑区小港街道孔墅村王家溪口136号",
      "NJXSSR": "302.00000000",
      "HXP": "松香水，;香蕉水，;稀释剂，;丙酮，137\/67-64-1;甲苯，1014\/108-88-3;乙酸乙酯，2651\/141-78-6;乙酸丁酯，2657\/123-86-4;二甲苯，355\/95-47-6，356\/108-38-3;环己酮，952\/108-94-1;正丁醇，2761\/71-36-3;溶剂油[闭杯闪点≤60℃]，",
      "CGRJ": "320",
      "WHZRS": 3,
      "CREATE_NAME": "系统开发",
      "ZGRS": 10,
      "QYFZR": "林志定",
      "ZDWXYJB": "005",
      "FGAQRSJ": "0574-86221981",
      "CREATOR_ID": "6666",
      "FZRSJ": "13606845587",
      "QYLX": "002",
      "AQSCBZHDJ": "003",
      "QYMC": "宁波市北仑区小港渡头化工厂",
      "WZWD": "29.94084442",
      "CREATE_TIME": "2019-11-22",
      "UUID": "4",
      "TZRS": 1,
      "YJZDH": "0574-86221981",
      "UPDATE_NAME": "系统开发",
      "WKFJZMJ": "190",
      "JHZRS": 0,
      "UPDATE_TIME": "2019-11-22",
      "ZASGRS": 1,
      "DELETE_FLAG": "0",
      "WZJD": "121.75207740",
      "FGAQR": "林志定",
      "ZDWXY": "",
      "WXGY": "",
      "UPDATE_ID": "6666"
    },
    {
      "SCDZ": "浙江省宁波市北仑区小港义成路1号",
      "NJXSSR": "8000.00000000",
      "HXP": "盐酸，7647-01-0;N,N-二甲基甲酰胺，68-12-2;甲苯，108-88-3;甲醇，67-56-1;乙酸乙酯，141-78-6;甲芬那酸，61-68-7;美索巴莫，532-03-6;双氯芬酸钠，15307-79-6;2，3-二甲基苯胺，87-59-2;氨水，1336-31-6;甲醇钠甲醇溶液，124-41-4;氯乙酰氯，79-04-9;氢氧化钠，1310-73-2;碳酸二甲酯，616-38-6;三氯化铝[无水]，7446-70-0;甲苯，108-88-3;甲醇，67-56-1;N,N-二甲基甲酰胺，68-12-2;乙酸乙酯，141-78-6;盐酸，7647-01-0",
      "CGRJ": "0",
      "WHZRS": 2,
      "CREATE_NAME": "系统开发",
      "ZGRS": 146,
      "QYFZR": "何凤秋",
      "ZDWXYJB": "005",
      "FGAQRSJ": "13780084070",
      "CREATOR_ID": "6666",
      "FZRSJ": "13917214176",
      "QYLX": "002",
      "AQSCBZHDJ": "003",
      "QYMC": "宁波斯迈克制药有限公司",
      "WZWD": "29.96350000",
      "CREATE_TIME": "2019-11-22",
      "UUID": "5",
      "TZRS": 16,
      "YJZDH": "0574-86235708",
      "UPDATE_NAME": "系统开发",
      "WKFJZMJ": "491.9",
      "JHZRS": 2,
      "UPDATE_TIME": "2019-11-22",
      "ZASGRS": 3,
      "DELETE_FLAG": "0",
      "WZJD": "121.73353000",
      "FGAQR": "王浩来",
      "ZDWXY": "",
      "WXGY": "胺基化工艺，2015-04-30 00:00:00;烷基化工艺，2015-04-30 00:00:00",
      "UPDATE_ID": "6666"
    },
    {
      "SCDZ": "宁波市北仑区丽亚路18号",
      "NJXSSR": "9100",
      "HXP": "甲苯，108-88-3;乙酸乙酯，141-78-6;;丙酮，67-64-1;N,N-二甲基甲酰胺，68-12-2;;吗啉，110-91-8;聚氨酯树脂，;皮革顶层涂饰剂，;2-丁酮，78-93-3;;六亚甲基二异氰酸酯，822-06-0;异佛尔酮二异氰酸酯，4098-71-9;二苯基甲烷-4,4’-二异氰酸酯，101-68-8;聚氨酯类胶粘剂，;环己酮，108-94-1（其中4-甲基-2-戊酮，108-10-1;2-丙醇，67-63-0;二甲胺溶液，124-40-3; 异氰酸环己酯，3173-53-3；4,4’-亚甲基双苯胺，101-77-9;亚磷酸三苯酯，101-02-0；5-氨基-1,3,3-三甲基环己甲胺，2855-13-2没有在使用）",
      "CGRJ": "1600",
      "WHZRS": 2,
      "CREATE_NAME": "系统开发",
      "ZGRS": 63,
      "QYFZR": "林勇",
      "ZDWXYJB": "005",
      "FGAQRSJ": "13567859353",
      "CREATOR_ID": "6666",
      "FZRSJ": "13567859353",
      "QYLX": "002",
      "AQSCBZHDJ": "003",
      "QYMC": "宁波赫革丽高分子科技有限公司",
      "WZWD": "29.96284",
      "CREATE_TIME": "2019-11-22",
      "UUID": "6",
      "TZRS": 10,
      "YJZDH": "0574-86231515",
      "UPDATE_NAME": "系统开发",
      "WKFJZMJ": "1993",
      "JHZRS": 0,
      "UPDATE_TIME": "2019-11-22",
      "ZASGRS": 3,
      "DELETE_FLAG": "0",
      "WZJD": "121.78077",
      "FGAQR": "林勇",
      "ZDWXY": "",
      "WXGY": "",
      "UPDATE_ID": "6666"
    },
    {
      "SCDZ": "浙江宁波北仑霞浦精细化工园区永定河路20号",
      "NJXSSR": "8000",
      "HXP": "五氟乙烷\/四氟乙烷\/1,1,1-三氟乙烷混合物，;五氟乙烷\/四氟乙烷\/二氟甲烷混合物，;一氯二氟甲烷\/五氟乙烷\/三氟乙烷混合物，;一氯二氟甲烷\/一氯二氟乙烷\/一氯四氟乙烷混合物，;五氟乙烷\/二氟甲烷混合物，;五氟乙烷\/1,1,1-三氟乙烷混合物，;一氯二氟甲烷，75-45-6;1,1,1,2-四氟乙烷，;异丁烷，75-28-5;二氟甲烷，75-10-5;1,1,1-三氟乙烷，420-46-2;1,1-二氟乙烷，75-37-6;五氟乙烷\/二氟一氯甲烷\/丙烷混合物，;一氯二氟乙烷\/二氟一氯甲烷\/异丁烷混合物，;二氟一氯甲烷和1,1-二氟乙烷混合气体，;丙烷，74-98-6;二甲醚，115-10-6;二氯二氟甲烷，75-71-8;一氯五氟乙烷，76-15-3;丙烯，115-07-1",
      "CGRJ": "280",
      "WHZRS": 12,
      "CREATE_NAME": "系统开发",
      "ZGRS": 30,
      "QYFZR": "赖连军",
      "ZDWXYJB": "004",
      "FGAQRSJ": "15356883251",
      "CREATOR_ID": "6666",
      "FZRSJ": "13566057933",
      "QYLX": "002",
      "AQSCBZHDJ": "003",
      "QYMC": "宁波考尔曼制冷工业有限公司",
      "WZWD": "29.87912",
      "CREATE_TIME": "2019-11-22",
      "UUID": "7",
      "TZRS": 6,
      "YJZDH": "0574-86910051",
      "UPDATE_NAME": "系统开发",
      "WKFJZMJ": "2400",
      "JHZRS": 0,
      "UPDATE_TIME": "2019-11-22",
      "ZASGRS": 2,
      "DELETE_FLAG": "0",
      "WZJD": "121.88994",
      "FGAQR": "励蒋波",
      "ZDWXY": "储罐区，4",
      "WXGY": "",
      "UPDATE_ID": "6666"
    },
    {
      "SCDZ": "宁波市北仑区戚家山街道港口路98号",
      "NJXSSR": "46900.00000000",
      "HXP": "液化石油气，68476-85-7;碳四馏分，无资料;乙苯，100-41-4;精丙烯，115-07-1;丙烷，74-98-6;2-甲基丙烷，75-28-5;叔丁基甲醚，1634-04-4;苯乙烯，100-42-5;液体硫磺，7704-34-9;丙苯，103-65-7;甲苯，108-88-3;苯，71-43-2;氧气，7782-44-7;氮气，7727-37-9;丙烯，115-07-1;丁二烯，106-99-0;硫化氢，7783-6-4;氢气，1333-74-0;戊烷发泡剂，109-66-0;轻芳烃，71-43-2;1,2,3-三甲基苯，526-73-8;1,2,4,5-四甲苯，95-93-2;正庚烷，142-82-5;45#变压器油，无资料;异戊烷发泡剂，78-78-4;1,2-二甲苯，95-47-6;导热油，无资料;碳五，无资料;石油醚，8032-32-4;重芳烃，64742-94-5;碳六(主要成分己烷)，110-54-3;二氧化硫，7446-9-5;异己烷，110-54-3;环丁砜，126-33-0;辛烷，111-65-9;重油，;四氢呋喃，109-99-9;丁基锂，109-72-8;石脑油，8030-30-6;甲醇，67-56-1;环己烷，110-82-7",
      "CGRJ": "158450",
      "WHZRS": 163,
      "CREATE_NAME": "系统开发",
      "ZGRS": 480,
      "QYFZR": "陶春风",
      "ZDWXYJB": "001",
      "FGAQRSJ": "15058871857",
      "CREATOR_ID": "6666",
      "FZRSJ": "13806633688",
      "QYLX": "002",
      "AQSCBZHDJ": "003",
      "QYMC": "宁波科元精化有限公司",
      "WZWD": "29.96156000",
      "CREATE_TIME": "2019-11-22",
      "UUID": "8",
      "TZRS": 200,
      "YJZDH": "0574-86232915",
      "UPDATE_NAME": "系统开发",
      "WKFJZMJ": "0",
      "JHZRS": 0,
      "UPDATE_TIME": "2019-11-22",
      "ZASGRS": 16,
      "DELETE_FLAG": "0",
      "WZJD": "121.78873000",
      "FGAQR": "瞿滨",
      "ZDWXY": "宁波科元塑胶有限公司，1",
      "WXGY": "裂解（裂化）工艺，2009-10-30 00:00:00;加氢工艺，2016-12-30 00:00:00;氧化工艺，2009-12-30 00:00:00;烷基化工艺，2009-12-30 00:00:00",
      "UPDATE_ID": "6666"
    },
    {
      "SCDZ": "宁波市北仑区霞浦临港二路168号宁波钢铁厂内",
      "NJXSSR": "91024",
      "HXP": "氧[压缩的或液化的]，7782-44-7;氮[压缩的或液化的]，7727-37-9;氩[压缩的或液化的]，7440-37-1",
      "CGRJ": "7100",
      "WHZRS": 0,
      "CREATE_NAME": "系统开发",
      "ZGRS": 23,
      "QYFZR": "付传",
      "ZDWXYJB": "004",
      "FGAQRSJ": "13957435005",
      "CREATOR_ID": "6666",
      "FZRSJ": "13917362596",
      "QYLX": "002",
      "AQSCBZHDJ": "003",
      "QYMC": "林德气体（宁波）有限公司",
      "WZWD": "29.90501",
      "CREATE_TIME": "2019-11-22",
      "UUID": "9",
      "TZRS": 4,
      "YJZDH": "0574-86803829",
      "UPDATE_NAME": "系统开发",
      "WKFJZMJ": "0",
      "JHZRS": 0,
      "UPDATE_TIME": "2019-11-22",
      "ZASGRS": 2,
      "DELETE_FLAG": "0",
      "WZJD": "121.87135",
      "FGAQR": "赵义明",
      "ZDWXY": "一厂区储存单元，4",
      "WXGY": "",
      "UPDATE_ID": "6666"
    },
    {
      "SCDZ": "宁波经济技术开发区石化专区(霞浦)",
      "NJXSSR": "1500000.00000000",
      "HXP": "甲醇，67-56-1;氢氧化钾，1310-58-3;天然气[富含甲烷的]，8006-14-2;氢，1333-74-0;氮[压缩的]，7727-37-9;氢氧化钠，1310-73-2;正磷酸，7664-38-2;次氯酸钠溶液[含有效氯＞5%]，7681-52-9;1,4-二甲苯，106-42-3;盐酸，7647-01-0;硫酸，7664-93-9;过氧化氢异丙苯[含量≤90%,含A型稀释剂≥10%]，80-15-9;丙酮，67-64-1;苯酚，108-95-2;异丙基苯，98-82-8;丙烯，115-07-1;苯，71-43-2;氢，1333-74-0;乙酸[含量＞80%]，64-19-7;氮[液化的]，7727-37-9;2-丙烯腈[稳定的]，107-13-1;苯乙烯[稳定的]，100-42-5;1,3-丁二烯[稳定的]，106-99-0;十二烷基硫醇，112-55-0",
      "CGRJ": "365796.7",
      "WHZRS": 278,
      "CREATE_NAME": "系统开发",
      "ZGRS": 690,
      "QYFZR": "陈启祯",
      "ZDWXYJB": "001",
      "FGAQRSJ": "13736012239",
      "CREATOR_ID": "6666",
      "FZRSJ": "15867863302",
      "QYLX": "002",
      "AQSCBZHDJ": "002",
      "QYMC": "台化兴业(宁波)有限公司",
      "WZWD": "29.91313800",
      "CREATE_TIME": "2019-11-22",
      "UUID": "10",
      "TZRS": 326,
      "YJZDH": "0574-86028509",
      "UPDATE_NAME": "系统开发",
      "WKFJZMJ": "69000",
      "JHZRS": 0,
      "UPDATE_TIME": "2019-11-22",
      "ZASGRS": 14,
      "DELETE_FLAG": "0",
      "WZJD": "121.89405000",
      "FGAQR": "张聪",
      "ZDWXY": "苯酚厂成品槽区，2;BP生产装置，2;SAN生产装置，3;ABS厂原料槽区，1;台化槽区ABS厂原料罐区，1;PS厂储罐区，2;苯酚厂生产装置区，1;苯酚厂原料罐区，1;苯酚厂丙烯罐区，1;PTA厂原料储存区，3",
      "WXGY": "氧化工艺，2008-04-01 00:00:00;加氢工艺，2008-04-01 00:00:00;聚合工艺，2004-12-02 00:00:00;烷基化工艺，2015-01-12 00:00:00;氧化工艺，2015-01-12 00:00:00;加氢工艺，2015-01-12 00:00:00;裂解（裂化）工艺，2015-01-12 00:00:00",
      "UPDATE_ID": "6666"
    },
    {
      "SCDZ": "宁波市北仑区小港街道朱田村",
      "NJXSSR": "1000.00000000",
      "HXP": "乙炔，74-86-2;碳化钙，75-20-7;丙酮，67-64-1",
      "CGRJ": "0",
      "WHZRS": 12,
      "CREATE_NAME": "系统开发",
      "ZGRS": 35,
      "QYFZR": "王银芳",
      "ZDWXYJB": "004",
      "FGAQRSJ": "13906692512",
      "CREATOR_ID": "6666",
      "FZRSJ": "13906692512",
      "QYLX": "002",
      "AQSCBZHDJ": "003",
      "QYMC": "宁波市北仑环久乙炔气体有限公司",
      "WZWD": "29.93377000",
      "CREATE_TIME": "2019-11-22",
      "UUID": "11",
      "TZRS": 15,
      "YJZDH": "0574-86176226",
      "UPDATE_NAME": "系统开发",
      "WKFJZMJ": "60",
      "JHZRS": 0,
      "UPDATE_TIME": "2019-11-22",
      "ZASGRS": 2,
      "DELETE_FLAG": "0",
      "WZJD": "121.69193000",
      "FGAQR": "王银芳",
      "ZDWXY": "溶解乙炔生产车间，4",
      "WXGY": "",
      "UPDATE_ID": "6666"
    },
    {
      "SCDZ": "宁波市北仑区小港金鸡山路98号，宁波市北仑区丽亚路29号",
      "NJXSSR": "320000.00000000",
      "HXP": "二甲苯异构体混合物，1330-20-7;过氧化二苯甲酰[含量≤77%,含水≥23%]，94-36-0;过氧苯甲酸叔丁酯[77%＜含量≤100%]，614-45-9;聚苯乙烯颗粒，;苯乙烯[稳定的]，100-42-5;正戊烷，109-66-0;盐酸，7647-01-0;氢氧化钠溶液[含量≥30%]，1310-73-2;过氧化二异丙苯[52%＜含量≤100%]，80-43-3",
      "CGRJ": "3232",
      "WHZRS": 18,
      "CREATE_NAME": "系统开发",
      "ZGRS": 142,
      "QYFZR": "颜益红",
      "ZDWXYJB": "003",
      "FGAQRSJ": "19957471798",
      "CREATOR_ID": "6666",
      "FZRSJ": "13095937888",
      "QYLX": "002",
      "AQSCBZHDJ": "003",
      "QYMC": "宁波新桥化工有限公司",
      "WZWD": "29.96166700",
      "CREATE_TIME": "2019-11-22",
      "UUID": "12",
      "TZRS": 45,
      "YJZDH": "0574-86228272",
      "UPDATE_NAME": "系统开发",
      "WKFJZMJ": "5157.45",
      "JHZRS": 0,
      "UPDATE_TIME": "2019-11-22",
      "ZASGRS": 2,
      "DELETE_FLAG": "0",
      "WZJD": "121.73138900",
      "FGAQR": "朱振强",
      "ZDWXY": "生产储罐区，3",
      "WXGY": "聚合工艺，1994-03-18 00:00:00",
      "UPDATE_ID": "6666"
    },
    {
      "SCDZ": "北仑区港口路8号",
      "NJXSSR": "2063747",
      "HXP": "乙酸[含量＞80%]，64-19-7;乙酸正丙酯，109-60-4;甲醇，67-56-1;氮[液化的]，7727-37-9;氢氧化钠，1310-73-2;次氯酸钠溶液[含有效氯＞5%]，7681-52-9;盐酸，7647-01-0;正磷酸，7664-38-2;硫酸，7664-93-9;氢溴酸，10035-10-6;乙酸异丁酯，110-19-0;氢，1333-74-0;乙酸[含量＞80%]，64-19-7;乙酸甲酯，79-20-9;1,4-二甲苯，106-42-3",
      "CGRJ": "186720",
      "WHZRS": 120,
      "CREATE_NAME": "系统开发",
      "ZGRS": 510,
      "QYFZR": "王虎",
      "ZDWXYJB": "002",
      "FGAQRSJ": "13606844838",
      "CREATOR_ID": "6666",
      "FZRSJ": "13567918850",
      "QYLX": "002",
      "AQSCBZHDJ": "003",
      "QYMC": "浙江逸盛石化有限公司",
      "WZWD": "29.972414",
      "CREATE_TIME": "2019-11-22",
      "UUID": "13",
      "TZRS": 155,
      "YJZDH": "0574-86189128",
      "UPDATE_NAME": "系统开发",
      "WKFJZMJ": "0",
      "JHZRS": 0,
      "UPDATE_TIME": "2019-11-22",
      "ZASGRS": 12,
      "DELETE_FLAG": "0",
      "WZJD": "121.75996",
      "FGAQR": "全章明",
      "ZDWXY": "PTA生产项目危险化学品重大危险源，3",
      "WXGY": "加氢工艺，2014-11-29 00:00:00;氧化工艺，2014-11-29 00:00:00",
      "UPDATE_ID": "6666"
    },
    {
      "SCDZ": "浙江省宁波市北仑区戚家山街道丽亚路19号",
      "NJXSSR": "6000",
      "HXP": "六溴环十二烷，;苯乙烯[稳定的]，100-42-5;正戊烷，78-78-4;聚苯乙烯珠粒料，可膨胀，会放出易燃气体，",
      "CGRJ": "100",
      "WHZRS": 0,
      "CREATE_NAME": "系统开发",
      "ZGRS": 29,
      "QYFZR": "田志雨",
      "ZDWXYJB": "004",
      "FGAQRSJ": "18757466427",
      "CREATOR_ID": "6666",
      "FZRSJ": "18157442620",
      "QYLX": "002",
      "AQSCBZHDJ": "003",
      "QYMC": "宁波龙利钜能新材料有限公司",
      "WZWD": "29.9585488004583",
      "CREATE_TIME": "2019-11-22",
      "UUID": "14",
      "TZRS": 10,
      "YJZDH": "0574-86235910",
      "UPDATE_NAME": "系统开发",
      "WKFJZMJ": "1903.15",
      "JHZRS": 0,
      "UPDATE_TIME": "2019-11-22",
      "ZASGRS": 2,
      "DELETE_FLAG": "0",
      "WZJD": "121.792184576721",
      "FGAQR": "厉红",
      "ZDWXY": "成品仓库，4级",
      "WXGY": "不涉及",
      "UPDATE_ID": "6666"
    },
    {
      "SCDZ": "宁波北仑区戚家山港口路108号",
      "NJXSSR": "10000",
      "HXP": "环己烷，110-82-7;正丁基锂，109-72-8;四氢呋喃，109-99-9;苯乙烯，100-42-5;1,3-丁二烯[稳定的]，106-99-0;苯乙烯[稳定的]，100-42-5;氧[压缩的或液化的]，7782-44-7;氮[压缩的或液化的]，7727-37-9;四氯化硅，10026-04-7;氢，1333-74-0;环己烷，110-82-7;N,N,N’,N’-四甲基乙二胺,110-18-9;2-甲基-1,3-丁二烯[稳定的],78-79-5",
      "CGRJ": "3520",
      "WHZRS": 156,
      "CREATE_NAME": "系统开发",
      "ZGRS": 231,
      "QYFZR": "傅建立",
      "ZDWXYJB": "003",
      "FGAQRSJ": "13857410918",
      "CREATOR_ID": "6666",
      "FZRSJ": "13857410918",
      "QYLX": "002",
      "AQSCBZHDJ": "003",
      "QYMC": "宁波长鸿高分子科技股份有限公司",
      "WZWD": "29.96027",
      "CREATE_TIME": "2019-11-22",
      "UUID": "15",
      "TZRS": 35,
      "YJZDH": "0574-55222163",
      "UPDATE_NAME": "系统开发",
      "WKFJZMJ": "0",
      "JHZRS": 0,
      "UPDATE_TIME": "2019-11-22",
      "ZASGRS": 5,
      "DELETE_FLAG": "0",
      "WZJD": "121.78923",
      "FGAQR": "傅建立",
      "ZDWXY": "1.宁波长鸿高分子科技股份有限公司储存单元\n;2.宁波长鸿高分子科技股份有限公司生产单元",
      "WXGY": "加氢工艺，2016-10-01 00:00:00;聚合工艺，2014-01-31 00:00:00",
      "UPDATE_ID": "6666"
    },
    {
      "SCDZ": "宁波市北仑区霞浦街道临港二路1-26号",
      "NJXSSR": "4291.5",
      "HXP": "锂离子电池电解液，无;碳酸二甲酯，616-38-6;碳酸二乙酯，105-58-8;碳酸甲乙酯，623-53-0，;碳酸乙烯酯，;碳酸丙烯酯，;六氟磷酸锂等",
      "CGRJ": "300",
      "WHZRS": 0,
      "CREATE_NAME": "系统开发",
      "ZGRS": 76,
      "QYFZR": "清野允中",
      "ZDWXYJB": "005",
      "FGAQRSJ": "0574-86902999",
      "CREATOR_ID": "6666",
      "FZRSJ": "15824204497",
      "QYLX": "002",
      "AQSCBZHDJ": "005",
      "QYMC": "台塑三井精密化学有限公司",
      "WZWD": "29.908539",
      "CREATE_TIME": "2019-11-22",
      "UUID": "16",
      "TZRS": 0,
      "YJZDH": "0574-86027407",
      "UPDATE_NAME": "系统开发",
      "WKFJZMJ": "835",
      "JHZRS": 0,
      "UPDATE_TIME": "2019-11-22",
      "ZASGRS": 4,
      "DELETE_FLAG": "0",
      "WZJD": "121.8873",
      "FGAQR": "黄德财",
      "ZDWXY": "　",
      "WXGY": "　",
      "UPDATE_ID": "6666"
    },
    {
      "SCDZ": "宁波市北仑区戚家山街道宏源路168号",
      "NJXSSR": "100000.00000000",
      "HXP": "丙烷，74-98-6;丙烯，115-07-1;2-丁酮，78-93-3;异丁烷，75-28-5;异辛烷，26635-64-3;正丁烷，106-97-8;液化石油气，68476-85-7;硫酸，7664-93-9;氢，1333-74-0;2-丁醇，78-92-2;混合C5，",
      "CGRJ": "398150",
      "WHZRS": 286,
      "CREATE_NAME": "系统开发",
      "ZGRS": 620,
      "QYFZR": "杨楚周",
      "ZDWXYJB": "001",
      "FGAQRSJ": "18758810551",
      "CREATOR_ID": "6666",
      "FZRSJ": "13609791692",
      "QYLX": "002",
      "AQSCBZHDJ": "003",
      "QYMC": "宁波金发新材料有限公司",
      "WZWD": "29.95756000",
      "CREATE_TIME": "2019-11-22",
      "UUID": "17",
      "TZRS": 142,
      "YJZDH": "0574-86235336",
      "UPDATE_NAME": "系统开发",
      "WKFJZMJ": "810",
      "JHZRS": 0,
      "UPDATE_TIME": "2019-11-22",
      "ZASGRS": 10,
      "DELETE_FLAG": "0",
      "WZJD": "121.77637000",
      "FGAQR": "张国甫",
      "ZDWXY": "装置区，2;罐区，1",
      "WXGY": "烷基化工艺，2014-07-01 00:00:00;裂解（裂化）工艺，2014-07-01 00:00:00",
      "UPDATE_ID": "6666"
    },
    {
      "SCDZ": "宁波市北仑区郭巨街道白中线峙北段389号",
      "NJXSSR": "8900",
      "HXP": "氧[液化的]，7782-44-7;氮[液化的]，7727-37-9;氩[压缩的或液化的]，7440-37-1",
      "CGRJ": "5100",
      "WHZRS": 12,
      "CREATE_NAME": "系统开发",
      "ZGRS": 32,
      "QYFZR": "张作芳",
      "ZDWXYJB": "003",
      "FGAQRSJ": "13556251572",
      "CREATOR_ID": "6666",
      "FZRSJ": "18658278708",
      "QYLX": "002",
      "AQSCBZHDJ": "003",
      "QYMC": "中海油工业气体（宁波）有限公司",
      "WZWD": "29.89071",
      "CREATE_TIME": "2019-11-22",
      "UUID": "18",
      "TZRS": 12,
      "YJZDH": "0574-26868789",
      "UPDATE_NAME": "系统开发",
      "WKFJZMJ": "30",
      "JHZRS": 0,
      "UPDATE_TIME": "2019-11-22",
      "ZASGRS": 1,
      "DELETE_FLAG": "0",
      "WZJD": "122.09342",
      "FGAQR": "吕俊山",
      "ZDWXY": "中海油工业气体（宁波）有限公司，3",
      "WXGY": "",
      "UPDATE_ID": "6666"
    },
    {
      "SCDZ": "浙江省宁波市北仑区小港江南西路49号(此地址在江南中路上紧挨金春旧货，由于江南公路延伸，企业门牌号仍为江南西路49号。）",
      "NJXSSR": "8618",
      "HXP": "液氧，7882-44-7;液氩，7440-37-1;液氮，7727-37-9;乙炔，74-86-2;二氧化碳[压缩的]，124-38-9;四氟甲烷，75-73-0;氦[压缩的或液化的]，7440-59-7;氢，1333-74-0",
      "CGRJ": "1030",
      "WHZRS": 14,
      "CREATE_NAME": "系统开发",
      "ZGRS": 74,
      "QYFZR": "吴侃明",
      "ZDWXYJB": "004",
      "FGAQRSJ": "13706848199",
      "CREATOR_ID": "6666",
      "FZRSJ": "13884469010",
      "QYLX": "002",
      "AQSCBZHDJ": "003",
      "QYMC": "梅塞尔阳光（宁波）气体产品有限公司",
      "WZWD": "29.90966",
      "CREATE_TIME": "2019-11-22",
      "UUID": "19",
      "TZRS": 22,
      "YJZDH": "0574-86177327",
      "UPDATE_NAME": "系统开发",
      "WKFJZMJ": "60",
      "JHZRS": 0,
      "UPDATE_TIME": "2019-11-22",
      "ZASGRS": 2,
      "DELETE_FLAG": "0",
      "WZJD": "121.67486",
      "FGAQR": "方韩辉",
      "ZDWXY": "液氧储槽，4",
      "WXGY": "",
      "UPDATE_ID": "6666"
    },
    {
      "SCDZ": "北仑区石桥化工区经七路15号",
      "NJXSSR": "2892",
      "HXP": "A30-11氨基烘干绝缘漆，;105氨基亚光烘干漆，;B300丙烯酸防污漆，;BS802丙烯酸聚氨酯防腐面漆，;B172丙烯酸面漆，;C04-2醇酸磁漆，;C86-32醇酸标志漆，;C53-38铝铁防锈漆，;C04-86醇酸亚光面漆，;F42-31酚醛甲板漆，;F03-1酚醛调合漆，;2828铝粉漆，;F80-31酚醛地板漆，;103聚酯烘干漆，;SC0008聚氨酯面漆，;L40-34沥青防污漆，;L01-17煤焦沥青清漆，;L44-81铝粉沥青船底漆，;ZR铁红油性防锈漆，;HT环氧厚浆防锈漆，;H600环氧沥青厚浆防锈漆，;H172环氧面漆，;H103环氧云铁防锈漆，;H06-1环氧富锌底漆，;J170氯化橡胶船壳漆，;J160氯化橡胶厚浆防锈漆，;J172氯化橡胶面漆，;J300 氯化橡胶防污漆，;蚀刻底漆，;W61-4有机硅耐热漆，;E06-1无机硅酸锌防锈底漆，;氨基漆稀释剂，;H103环氧漆稀释剂，;X-6醇酸漆稀释剂，;BS丙烯酸漆稀释剂，;X-36氯化橡胶漆稀释剂，;桐油，;亚油，;豆油，;油酸，;环氧树脂，;醇",
      "CGRJ": "760",
      "WHZRS": 50,
      "CREATE_NAME": "系统开发",
      "ZGRS": 60,
      "QYFZR": "洪尉明",
      "ZDWXYJB": "005",
      "FGAQRSJ": "13757491554",
      "CREATOR_ID": "6666",
      "FZRSJ": "13906688865",
      "QYLX": "002",
      "AQSCBZHDJ": "003",
      "QYMC": "宁波飞轮造漆有限责任公司",
      "WZWD": "29.92338",
      "CREATE_TIME": "2019-11-22",
      "UUID": "20",
      "TZRS": 7,
      "YJZDH": "0574-86173387",
      "UPDATE_NAME": "系统开发",
      "WKFJZMJ": "969",
      "JHZRS": 0,
      "UPDATE_TIME": "2019-11-22",
      "ZASGRS": 2,
      "DELETE_FLAG": "0",
      "WZJD": "121.68579",
      "FGAQR": "方指利",
      "ZDWXY": "",
      "WXGY": "",
      "UPDATE_ID": "6666"
    },
    {
      "SCDZ": "浙江省宁波市北仑区霞浦街道临港二路1-8号",
      "NJXSSR": "751241",
      "HXP": "丙烯酸甲酯[稳定的]，96-33-3;正丁醇，71-36-3;丙烯，115-07-1;丙烯酸乙酯[稳定的]，140-88-5;丙烯酸[稳定的]，79-10-7;丙烯酸正丁酯[稳定的]，141-32-2;甲醇，67-56-1;乙醇[无水]，64-17-5;甲苯，108-88-3;氯乙烯[稳定的]，75-01-4;乙烯，74-85-1;乙酸乙烯酯，108-05-4;氢氧化钠溶液[含量≥30%]，1310-73-2;氮[压缩的]，7727-37-9;次氯酸钠溶液[含有效氯＞5%]，7681-52-9;叔丁基过氧新癸酸酯[77%＜含量≤100%]，26748-41-4;异十二烷，93685-81-5;1-(2-过氧化乙基己醇-1,3-二甲基丁基过氧化新戊酸酯[含量≤52%,含A型稀释剂≥45%,含B型稀释剂≥10%]，228415-62-1;聚合引发剂，927-07-1         64742-48-9;过氧新癸酸枯酯[含量≤52%,在水中稳定弥散]，26748-47-0;氨溶液[含氨＞10%]，1336-21-6;过二硫酸钾，7727-21-1;过二硫酸铵，7727-54-0;聚合引发剂，3006-82-4;正丁烷，106-97-8;2,5-二甲基-2,5-二氢过氧化己烷[含量≤82%]，3025-88-5;2-丙醇，67-63-0;甲基环",
      "CGRJ": "112000",
      "WHZRS": 218,
      "CREATE_NAME": "系统开发",
      "ZGRS": 975,
      "QYFZR": "周甘祥",
      "ZDWXYJB": "001",
      "FGAQRSJ": "13757497213",
      "CREATOR_ID": "6666",
      "FZRSJ": "18352908062",
      "QYLX": "002",
      "AQSCBZHDJ": "002",
      "QYMC": "台塑工业（宁波）有限公司",
      "WZWD": "29.910433",
      "CREATE_TIME": "2019-11-22",
      "UUID": "21",
      "TZRS": 275,
      "YJZDH": "0574-86902996",
      "UPDATE_NAME": "系统开发",
      "WKFJZMJ": "1000",
      "JHZRS": 0,
      "UPDATE_TIME": "2019-11-22",
      "ZASGRS": 20,
      "DELETE_FLAG": "0",
      "WZJD": "121.912973",
      "FGAQR": "李培富",
      "ZDWXY": "AE厂丙烯罐组1(一级)；丙烯罐组2(一级)；原料罐区(二级)；成品罐区(三级)；中间罐区(四级)；;PVC厂均一粉生产装置(三级)；糊树脂生产装置(四级)；回收精馏区(四级)；VCM缓冲球罐区(一级)；VCM卧罐区(三级)；PP厂丙烯罐区(一级)；蒸馏回收单元(二级)；副料仓库3(二级)；纯化单元(三级)；重合单元(三级)；丁烯罐区(三级)；冷冻单元(四级)；三乙基铝调配单元(四级)；EVA厂醋酸乙烯酯储存区(四级)；丙烯丁烷罐组(四级);",
      "WXGY": "氧化工艺，2006-03-01 00:00:00;聚合工艺，2007-07-01 00:00:00",
      "UPDATE_ID": "6666"
    },
    {
      "SCDZ": "宁波市北仑区丽亚路29号",
      "NJXSSR": "0.00000000",
      "HXP": "聚苯乙烯珠体[可发性的]，;苯乙烯[稳定的]，100-42-5;正戊烷，109-66-0;二甲苯异构体混合物，1330-20-7;过氧化二苯甲酰[含量≤77%,含水≥23%]，94-36-0;过氧苯甲酸叔丁酯[77%＜含量≤100%]，614-45-9;过氧化二异丙苯[52%＜含量≤100%]，80-43-3;六溴环十二烷，;盐酸，7647-01-0;氢氧化钠溶液[含量≥30%]，1310-73-2",
      "CGRJ": "9280",
      "WHZRS": 12,
      "CREATE_NAME": "系统开发",
      "ZGRS": 45,
      "QYFZR": "田志雨",
      "ZDWXYJB": "003",
      "FGAQRSJ": "13065667181",
      "CREATOR_ID": "6666",
      "FZRSJ": "13095629901",
      "QYLX": "002",
      "AQSCBZHDJ": "004",
      "QYMC": "宁波龙利钜能新材料有限公司北仑分公司",
      "WZWD": "29.96089000",
      "CREATE_TIME": "2019-11-22",
      "UUID": "22",
      "TZRS": 26,
      "YJZDH": "0574-86228272",
      "UPDATE_NAME": "系统开发",
      "WKFJZMJ": "8469.6",
      "JHZRS": 0,
      "UPDATE_TIME": "2019-11-22",
      "ZASGRS": 2,
      "DELETE_FLAG": "0",
      "WZJD": "121.78775000",
      "FGAQR": "曾首元",
      "ZDWXY": "生产储罐区，3",
      "WXGY": "聚合工艺，2014-04-27 00:00:00",
      "UPDATE_ID": "6666"
    },
    {
      "SCDZ": "宁波市北仑区郭巨街道峙北",
      "NJXSSR": "",
      "HXP": "天然气[富含甲烷的]，8006-14-2，,丙烷，74-98-6，,柴油[闭杯闪点≤60℃]，，",
      "CGRJ": "480000.00000000",
      "WHZRS": 124,
      "CREATE_NAME": "系统开发",
      "ZGRS": 242,
      "QYFZR": "苗国英",
      "ZDWXYJB": "001",
      "FGAQRSJ": "13858369906",
      "CREATOR_ID": "6666",
      "FZRSJ": "18858186186",
      "QYLX": "001",
      "AQSCBZHDJ": "002",
      "QYMC": "中海浙江宁波液化天然气有限公司",
      "WZWD": "29.89407000",
      "CREATE_TIME": "2019-11-22",
      "UUID": "23",
      "TZRS": 3,
      "YJZDH": "86010609",
      "UPDATE_NAME": "系统开发",
      "WKFJZMJ": "0.00000000",
      "JHZRS": 0,
      "UPDATE_TIME": "2019-11-22",
      "ZASGRS": 7,
      "DELETE_FLAG": "0",
      "WZJD": "122.09312000",
      "FGAQR": "田原",
      "ZDWXY": "",
      "WXGY": "",
      "UPDATE_ID": "6666"
    },
    {
      "SCDZ": "宁波市北仑区霞浦街道临港二路1-6号16幢01号",
      "NJXSSR": "2281",
      "HXP": "氯乙烯[稳定的]，75-01-4，,甲醇，67-56-1，,正丁醇，71-36-3，,丙烯酸[稳定的]，79-10-7，,,丙烯酸正丁酯[稳定的]，141-32-2，,丙烯，115-07-1，,乙烯，74-85-1，,2-丙烯酸异辛酯，29590-42-9，,乙醇[无水]，64-17-5，",
      "CGRJ": "203000",
      "WHZRS": 51,
      "CREATE_NAME": "系统开发",
      "ZGRS": 91,
      "QYFZR": "周甘祥",
      "ZDWXYJB": "001",
      "FGAQRSJ": "13738851811",
      "CREATOR_ID": "6666",
      "FZRSJ": "18352908062",
      "QYLX": "001",
      "AQSCBZHDJ": "002",
      "QYMC": "台塑港务（宁波）有限公司",
      "WZWD": "29.923333",
      "CREATE_TIME": "2019-11-22",
      "UUID": "24",
      "TZRS": 66,
      "YJZDH": "86027508",
      "UPDATE_NAME": "系统开发",
      "WKFJZMJ": "0",
      "JHZRS": 0,
      "UPDATE_TIME": "2019-11-22",
      "ZASGRS": 5,
      "DELETE_FLAG": "0",
      "WZJD": "121.894444",
      "FGAQR": "谢志祥",
      "ZDWXY": "冷冻贮槽单元、丙烯压力球槽单元、氯乙烯压力球槽单元、常压贮槽单元",
      "WXGY": "无",
      "UPDATE_ID": "6666"
    },
    {
      "SCDZ": "宁波北仑小港下周隘村",
      "NJXSSR": "0",
      "HXP": "氨，7664-41-7，",
      "CGRJ": "100",
      "WHZRS": 0,
      "CREATE_NAME": "系统开发",
      "ZGRS": 15,
      "QYFZR": "方国彰",
      "ZDWXYJB": "003",
      "FGAQRSJ": "13396617979",
      "CREATOR_ID": "6666",
      "FZRSJ": "13906628525",
      "QYLX": "001",
      "AQSCBZHDJ": "003",
      "QYMC": "宁波市方辛气体有限公司北仑液氨充装站",
      "WZWD": "29.87288",
      "CREATE_TIME": "2019-11-22",
      "UUID": "25",
      "TZRS": 2,
      "YJZDH": "0574-88387608",
      "UPDATE_NAME": "系统开发",
      "WKFJZMJ": "72",
      "JHZRS": 0,
      "UPDATE_TIME": "2019-11-22",
      "ZASGRS": 1,
      "DELETE_FLAG": "0",
      "WZJD": "121.69678",
      "FGAQR": "李圣华",
      "ZDWXY": "",
      "WXGY": "",
      "UPDATE_ID": "6666"
    },
    {
      "SCDZ": "宁波市北仑区霞浦临港二路168号",
      "NJXSSR": "1710000",
      "HXP": "粗苯，71-43-2，,煤焦油，，,焦炉煤气，630-08-0，,转炉煤气，630-08-0，,高炉煤气，630-08-0，,硫磺，7704-34-9，,硫酸，7664-93-9，,氨溶液[含氨＞10%]，1336-21-6，",
      "CGRJ": "9588",
      "WHZRS": 85,
      "CREATE_NAME": "系统开发",
      "ZGRS": 3298,
      "QYFZR": "瞿涛",
      "ZDWXYJB": "003",
      "FGAQRSJ": "13567923399",
      "CREATOR_ID": "6666",
      "FZRSJ": "13586681197",
      "QYLX": "001",
      "AQSCBZHDJ": "001",
      "QYMC": "宁波钢铁有限公司",
      "WZWD": "29.91276",
      "CREATE_TIME": "2019-11-22",
      "UUID": "26",
      "TZRS": 9,
      "YJZDH": "0574-86858000",
      "UPDATE_NAME": "系统开发",
      "WKFJZMJ": "54",
      "JHZRS": 0,
      "UPDATE_TIME": "2019-11-22",
      "ZASGRS": 56,
      "DELETE_FLAG": "0",
      "WZJD": "121.86852",
      "FGAQR": "裘韶均",
      "ZDWXY": "",
      "WXGY": "",
      "UPDATE_ID": "6666"
    },
    {
      "SCDZ": "宁波市北仑区霞浦临港二路1-19号",
      "NJXSSR": "300000",
      "HXP": "苯酚，108-95-2，,丙酮，67-64-1，",
      "CGRJ": "2000",
      "WHZRS": 12,
      "CREATE_NAME": "系统开发",
      "ZGRS": 179,
      "QYFZR": "朱嘉颂",
      "ZDWXYJB": "003",
      "FGAQRSJ": "13566510686",
      "CREATOR_ID": "6666",
      "FZRSJ": "18258759644",
      "QYLX": "001",
      "AQSCBZHDJ": "002",
      "QYMC": "南亚塑胶工业（宁波）有限公司",
      "WZWD": "29.91677",
      "CREATE_TIME": "2019-11-22",
      "UUID": "27",
      "TZRS": 60,
      "YJZDH": "0574-86026031",
      "UPDATE_NAME": "系统开发",
      "WKFJZMJ": "97",
      "JHZRS": 0,
      "UPDATE_TIME": "2019-11-22",
      "ZASGRS": 9,
      "DELETE_FLAG": "0",
      "WZJD": "121.8921",
      "FGAQR": "郑正宏",
      "ZDWXY": "BPA厂槽区",
      "WXGY": "烷基化工艺",
      "UPDATE_ID": "6666"
    },
    {
      "SCDZ": "宁波市北仑区戚家山青峙化工区",
      "NJXSSR": "",
      "HXP": "2-丙烯腈[稳定的]，107-13-1，",
      "CGRJ": "1400.00000000",
      "WHZRS": 123,
      "CREATE_NAME": "系统开发",
      "ZGRS": 220,
      "QYFZR": "邱海昌",
      "ZDWXYJB": "003",
      "FGAQRSJ": "18733438883",
      "CREATOR_ID": "6666",
      "FZRSJ": "13958323111",
      "QYLX": "003",
      "AQSCBZHDJ": "003",
      "QYMC": "宁波中新腈纶有限公司",
      "WZWD": "29.96260000",
      "CREATE_TIME": "2019-11-22",
      "UUID": "28",
      "TZRS": 85,
      "YJZDH": "13906691940\n",
      "UPDATE_NAME": "系统开发",
      "WKFJZMJ": "3000.00000000",
      "JHZRS": 0,
      "UPDATE_TIME": "2019-11-22",
      "ZASGRS": 6,
      "DELETE_FLAG": "0",
      "WZJD": "121.78464000",
      "FGAQR": "宋英杰",
      "ZDWXY": "",
      "WXGY": "",
      "UPDATE_ID": "6666"
    },
    {
      "SCDZ": "宁波市北仑区进港西路66号",
      "NJXSSR": "0",
      "HXP": "液氨",
      "CGRJ": "1700",
      "WHZRS": 95,
      "CREATE_NAME": "系统开发",
      "ZGRS": 896,
      "QYFZR": "项岱军",
      "ZDWXYJB": "003",
      "FGAQRSJ": "13777225902",
      "CREATOR_ID": "6666",
      "FZRSJ": "86892695",
      "QYLX": "003",
      "AQSCBZHDJ": "001",
      "QYMC": "国电浙江北仑第三发电有限公司",
      "WZWD": "29.9585488004583",
      "CREATE_TIME": "2019-11-22",
      "UUID": "29",
      "TZRS": 5,
      "YJZDH": "86892101",
      "UPDATE_NAME": "系统开发",
      "WKFJZMJ": "0",
      "JHZRS": 0,
      "UPDATE_TIME": "2019-11-22",
      "ZASGRS": 5,
      "DELETE_FLAG": "0",
      "WZJD": "121.792184576721",
      "FGAQR": "包芹方",
      "ZDWXY": "氨罐",
      "WXGY": "无",
      "UPDATE_ID": "6666"
    },
    {
      "SCDZ": "梅山街道港通路121号",
      "NJXSSR": "0",
      "HXP": "液氨",
      "CGRJ": "500",
      "WHZRS": 9,
      "CREATE_NAME": "系统开发",
      "ZGRS": 89,
      "QYFZR": "柳世亮",
      "ZDWXYJB": "003",
      "FGAQRSJ": "15888094245",
      "CREATOR_ID": "6666",
      "FZRSJ": "57486708682",
      "QYLX": "003",
      "AQSCBZHDJ": "003",
      "QYMC": "浙江蓝雪食品有限公司",
      "WZWD": "29.9585488004583",
      "CREATE_TIME": "2019-11-22",
      "UUID": "30",
      "TZRS": 5,
      "YJZDH": "无",
      "UPDATE_NAME": "系统开发",
      "WKFJZMJ": "0",
      "JHZRS": 0,
      "UPDATE_TIME": "2019-11-22",
      "ZASGRS": 2,
      "DELETE_FLAG": "0",
      "WZJD": "121.792184576721",
      "FGAQR": "过宇隽",
      "ZDWXY": "氨罐",
      "WXGY": "无",
      "UPDATE_ID": "6666"
    },
    {
      "SCDZ": "北仑区大港工业城凤洋一路18号（原宁波麦芽公司）",
      "NJXSSR": "0",
      "HXP": "液氨",
      "CGRJ": "600",
      "WHZRS": 25,
      "CREATE_NAME": "系统开发",
      "ZGRS": 96,
      "QYFZR": "贺正元",
      "ZDWXYJB": "003",
      "FGAQRSJ": "15867481510",
      "CREATOR_ID": "6666",
      "FZRSJ": "13906690810",
      "QYLX": "003",
      "AQSCBZHDJ": "002",
      "QYMC": "粤海永顺泰（宁波）麦芽有限公司",
      "WZWD": "29.9585488004583",
      "CREATE_TIME": "2019-11-22",
      "UUID": "31",
      "TZRS": 8,
      "YJZDH": "无",
      "UPDATE_NAME": "系统开发",
      "WKFJZMJ": "0",
      "JHZRS": 0,
      "UPDATE_TIME": "2019-11-22",
      "ZASGRS": 3,
      "DELETE_FLAG": "0",
      "WZJD": "121.792184576721",
      "FGAQR": "赵波",
      "ZDWXY": "氨罐",
      "WXGY": "无",
      "UPDATE_ID": "6666"
    },
    {
      "SCDZ": "宁波市北仑区戚家山青峙化工区",
      "NJXSSR": "0",
      "HXP": "原油、汽油、石脑油",
      "CGRJ": "1850000\n",
      "WHZRS": 142,
      "CREATE_NAME": "系统开发",
      "ZGRS": 217,
      "QYFZR": "黄文斌",
      "ZDWXYJB": "001",
      "FGAQRSJ": "13884410208",
      "CREATOR_ID": "6666",
      "FZRSJ": "13957408898",
      "QYLX": "003",
      "AQSCBZHDJ": "003",
      "QYMC": "中石化镇海炼化分公司港务储运部",
      "WZWD": "29.9585488004583",
      "CREATE_TIME": "2019-11-22",
      "UUID": "32",
      "TZRS": 21,
      "YJZDH": "86448283",
      "UPDATE_NAME": "系统开发",
      "WKFJZMJ": "0",
      "JHZRS": 0,
      "UPDATE_TIME": "2019-11-22",
      "ZASGRS": 34,
      "DELETE_FLAG": "0",
      "WZJD": "121.792184576721",
      "FGAQR": "史姚平",
      "ZDWXY": "罐区",
      "WXGY": "无",
      "UPDATE_ID": "6666"
    },
    {
      "SCDZ": "宁波北仑霞浦台塑工业园区",
      "NJXSSR": "0",
      "HXP": "液氨",
      "CGRJ": "900",
      "WHZRS": 20,
      "CREATE_NAME": "系统开发",
      "ZGRS": 89,
      "QYFZR": "叶金木",
      "ZDWXYJB": "003",
      "FGAQRSJ": "13777239116",
      "CREATOR_ID": "6666",
      "FZRSJ": "18358292162",
      "QYLX": "003",
      "AQSCBZHDJ": "002",
      "QYMC": "台塑集团热电（宁波）有限公司",
      "WZWD": "29.923333",
      "CREATE_TIME": "2019-11-22",
      "UUID": "33",
      "TZRS": 9,
      "YJZDH": "0574-86028509",
      "UPDATE_NAME": "系统开发",
      "WKFJZMJ": "0",
      "JHZRS": 0,
      "UPDATE_TIME": "2019-11-22",
      "ZASGRS": 4,
      "DELETE_FLAG": "0",
      "WZJD": "121.894444",
      "FGAQR": "何忠伟",
      "ZDWXY": "氨罐",
      "WXGY": "无",
      "UPDATE_ID": "6666"
    },
    {
      "SCDZ": "宁波市北仑区戚家山街道江滨路308号",
      "NJXSSR": "18000",
      "HXP": "对甲酚，双环戊二烯，异丁烯，甲苯，三氟化硼，甲磺酸，液氮",
      "CGRJ": "485",
      "WHZRS": 20,
      "CREATE_NAME": "系统开发",
      "ZGRS": 51,
      "QYFZR": "夏军",
      "ZDWXYJB": "003",
      "FGAQRSJ": "13586594278",
      "CREATOR_ID": "6666",
      "FZRSJ": "17352406156",
      "QYLX": "003",
      "AQSCBZHDJ": "003",
      "QYMC": "欧诺法化学（宁波）有限公司",
      "WZWD": "29.969515",
      "CREATE_TIME": "2019-11-22",
      "UUID": "34",
      "TZRS": 7,
      "YJZDH": "0574-86183709",
      "UPDATE_NAME": "系统开发",
      "WKFJZMJ": "256",
      "JHZRS": 0,
      "UPDATE_TIME": "2019-11-22",
      "ZASGRS": 2,
      "DELETE_FLAG": "0",
      "WZJD": "121.748419",
      "FGAQR": "彭际炳",
      "ZDWXY": "异丁烯储罐",
      "WXGY": "无",
      "UPDATE_ID": "6666"
    }
  ],
  "pageNo": 1,
  "pageSize": 200,
  "rows": [
    {
      "SCDZ": "北仑戚家山街道京甬路111号",
      "NJXSSR": "1500",
      "HXP": "1,2-二甲苯，95-47-6;乙酸正丁酯，123-86-4;乙醇[无水]，64-17-5;甲苯，108-88-3;2-丙醇，67-63-0;环己酮，108-94-1;醇酸清漆，;氨基漆稀释剂，;硝基漆稀释剂，;正丁醇，71-36-3;乙酸乙酯，141-78-6;2-丁酮，78-93-3;丙酮，108-94-1;甲醇，67-56-1;醇酸树脂，;氨基树脂，;石脑油，8030-30-6",
      "CGRJ": "1300",
      "WHZRS": 6,
      "CREATE_NAME": "系统开发",
      "ZGRS": 22,
      "QYFZR": "柯德云",
      "ZDWXYJB": "005",
      "FGAQRSJ": "13566364477",
      "CREATOR_ID": "6666",
      "FZRSJ": "13806633138",
      "QYLX": "002",
      "AQSCBZHDJ": "003",
      "QYMC": "宁波市北仑区小港化剂有限公司",
      "WZWD": "29.95269",
      "CREATE_TIME": "2019-11-22",
      "UUID": "1",
      "TZRS": 3,
      "YJZDH": "0574-86220329",
      "UPDATE_NAME": "系统开发",
      "WKFJZMJ": "630",
      "JHZRS": 0,
      "UPDATE_TIME": "2019-11-22",
      "ZASGRS": 1,
      "DELETE_FLAG": "0",
      "WZJD": "121.79417",
      "FGAQR": "柯盈盈",
      "ZDWXY": "",
      "WXGY": "",
      "UPDATE_ID": "6666"
    },
    {
      "SCDZ": "宁波市北仑区春晓镇昆亭乐海路1号",
      "NJXSSR": "900.00000000",
      "HXP": "碳化钙，75-20-7;丙酮，67-64-1;乙炔，74-86-2;氧[压缩的或液化的]，7782-44-7",
      "CGRJ": "150",
      "WHZRS": 8,
      "CREATE_NAME": "系统开发",
      "ZGRS": 35,
      "QYFZR": "唐旭东",
      "ZDWXYJB": "004",
      "FGAQRSJ": "15258290533",
      "CREATOR_ID": "6666",
      "FZRSJ": "13355945168",
      "QYLX": "002",
      "AQSCBZHDJ": "003",
      "QYMC": "宁波市北仑欧绿乙炔制造有限公司",
      "WZWD": "29.78000000",
      "CREATE_TIME": "2019-11-22",
      "UUID": "2",
      "TZRS": 6,
      "YJZDH": "0574-86088457",
      "UPDATE_NAME": "系统开发",
      "WKFJZMJ": "11386.32",
      "JHZRS": 0,
      "UPDATE_TIME": "2019-11-22",
      "ZASGRS": 1,
      "DELETE_FLAG": "0",
      "WZJD": "121.87000000",
      "FGAQR": "张建华",
      "ZDWXY": "乙炔生产区，4",
      "WXGY": "",
      "UPDATE_ID": "6666"
    },
    {
      "SCDZ": "浙江省宁波市北仑区霞浦街道临港二路188号",
      "NJXSSR": "8943.00000000",
      "HXP": "氮[压缩的或液化的]，7727-37-9;氢，1333-74-0;氩[压缩的或液化的]，7440-37-1;氧[压缩的或液化的]，7782-44-7;二氧化碳[压缩的或液化的]，124-38-9;氪氙混合气，",
      "CGRJ": "1150",
      "WHZRS": 0,
      "CREATE_NAME": "系统开发",
      "ZGRS": 48,
      "QYFZR": "付传",
      "ZDWXYJB": "004",
      "FGAQRSJ": "13957435005",
      "CREATOR_ID": "6666",
      "FZRSJ": "13916369067",
      "QYLX": "002",
      "AQSCBZHDJ": "003",
      "QYMC": "林德气体（宁波）有限公司北仑分公司",
      "WZWD": "29.89936000",
      "CREATE_TIME": "2019-11-22",
      "UUID": "3",
      "TZRS": 2,
      "YJZDH": "0574-86803821",
      "UPDATE_NAME": "系统开发",
      "WKFJZMJ": "1130",
      "JHZRS": 0,
      "UPDATE_TIME": "2019-11-22",
      "ZASGRS": 2,
      "DELETE_FLAG": "0",
      "WZJD": "121.87949000",
      "FGAQR": "赵义明",
      "ZDWXY": "林德气体（宁波）有限公司北仑分公司生产装置区，4",
      "WXGY": "",
      "UPDATE_ID": "6666"
    },
    {
      "SCDZ": "宁波市北仑区小港街道孔墅村王家溪口136号",
      "NJXSSR": "302.00000000",
      "HXP": "松香水，;香蕉水，;稀释剂，;丙酮，137\/67-64-1;甲苯，1014\/108-88-3;乙酸乙酯，2651\/141-78-6;乙酸丁酯，2657\/123-86-4;二甲苯，355\/95-47-6，356\/108-38-3;环己酮，952\/108-94-1;正丁醇，2761\/71-36-3;溶剂油[闭杯闪点≤60℃]，",
      "CGRJ": "320",
      "WHZRS": 3,
      "CREATE_NAME": "系统开发",
      "ZGRS": 10,
      "QYFZR": "林志定",
      "ZDWXYJB": "005",
      "FGAQRSJ": "0574-86221981",
      "CREATOR_ID": "6666",
      "FZRSJ": "13606845587",
      "QYLX": "002",
      "AQSCBZHDJ": "003",
      "QYMC": "宁波市北仑区小港渡头化工厂",
      "WZWD": "29.94084442",
      "CREATE_TIME": "2019-11-22",
      "UUID": "4",
      "TZRS": 1,
      "YJZDH": "0574-86221981",
      "UPDATE_NAME": "系统开发",
      "WKFJZMJ": "190",
      "JHZRS": 0,
      "UPDATE_TIME": "2019-11-22",
      "ZASGRS": 1,
      "DELETE_FLAG": "0",
      "WZJD": "121.75207740",
      "FGAQR": "林志定",
      "ZDWXY": "",
      "WXGY": "",
      "UPDATE_ID": "6666"
    },
    {
      "SCDZ": "浙江省宁波市北仑区小港义成路1号",
      "NJXSSR": "8000.00000000",
      "HXP": "盐酸，7647-01-0;N,N-二甲基甲酰胺，68-12-2;甲苯，108-88-3;甲醇，67-56-1;乙酸乙酯，141-78-6;甲芬那酸，61-68-7;美索巴莫，532-03-6;双氯芬酸钠，15307-79-6;2，3-二甲基苯胺，87-59-2;氨水，1336-31-6;甲醇钠甲醇溶液，124-41-4;氯乙酰氯，79-04-9;氢氧化钠，1310-73-2;碳酸二甲酯，616-38-6;三氯化铝[无水]，7446-70-0;甲苯，108-88-3;甲醇，67-56-1;N,N-二甲基甲酰胺，68-12-2;乙酸乙酯，141-78-6;盐酸，7647-01-0",
      "CGRJ": "0",
      "WHZRS": 2,
      "CREATE_NAME": "系统开发",
      "ZGRS": 146,
      "QYFZR": "何凤秋",
      "ZDWXYJB": "005",
      "FGAQRSJ": "13780084070",
      "CREATOR_ID": "6666",
      "FZRSJ": "13917214176",
      "QYLX": "002",
      "AQSCBZHDJ": "003",
      "QYMC": "宁波斯迈克制药有限公司",
      "WZWD": "29.96350000",
      "CREATE_TIME": "2019-11-22",
      "UUID": "5",
      "TZRS": 16,
      "YJZDH": "0574-86235708",
      "UPDATE_NAME": "系统开发",
      "WKFJZMJ": "491.9",
      "JHZRS": 2,
      "UPDATE_TIME": "2019-11-22",
      "ZASGRS": 3,
      "DELETE_FLAG": "0",
      "WZJD": "121.73353000",
      "FGAQR": "王浩来",
      "ZDWXY": "",
      "WXGY": "胺基化工艺，2015-04-30 00:00:00;烷基化工艺，2015-04-30 00:00:00",
      "UPDATE_ID": "6666"
    },
    {
      "SCDZ": "宁波市北仑区丽亚路18号",
      "NJXSSR": "9100",
      "HXP": "甲苯，108-88-3;乙酸乙酯，141-78-6;;丙酮，67-64-1;N,N-二甲基甲酰胺，68-12-2;;吗啉，110-91-8;聚氨酯树脂，;皮革顶层涂饰剂，;2-丁酮，78-93-3;;六亚甲基二异氰酸酯，822-06-0;异佛尔酮二异氰酸酯，4098-71-9;二苯基甲烷-4,4’-二异氰酸酯，101-68-8;聚氨酯类胶粘剂，;环己酮，108-94-1（其中4-甲基-2-戊酮，108-10-1;2-丙醇，67-63-0;二甲胺溶液，124-40-3; 异氰酸环己酯，3173-53-3；4,4’-亚甲基双苯胺，101-77-9;亚磷酸三苯酯，101-02-0；5-氨基-1,3,3-三甲基环己甲胺，2855-13-2没有在使用）",
      "CGRJ": "1600",
      "WHZRS": 2,
      "CREATE_NAME": "系统开发",
      "ZGRS": 63,
      "QYFZR": "林勇",
      "ZDWXYJB": "005",
      "FGAQRSJ": "13567859353",
      "CREATOR_ID": "6666",
      "FZRSJ": "13567859353",
      "QYLX": "002",
      "AQSCBZHDJ": "003",
      "QYMC": "宁波赫革丽高分子科技有限公司",
      "WZWD": "29.96284",
      "CREATE_TIME": "2019-11-22",
      "UUID": "6",
      "TZRS": 10,
      "YJZDH": "0574-86231515",
      "UPDATE_NAME": "系统开发",
      "WKFJZMJ": "1993",
      "JHZRS": 0,
      "UPDATE_TIME": "2019-11-22",
      "ZASGRS": 3,
      "DELETE_FLAG": "0",
      "WZJD": "121.78077",
      "FGAQR": "林勇",
      "ZDWXY": "",
      "WXGY": "",
      "UPDATE_ID": "6666"
    },
    {
      "SCDZ": "浙江宁波北仑霞浦精细化工园区永定河路20号",
      "NJXSSR": "8000",
      "HXP": "五氟乙烷\/四氟乙烷\/1,1,1-三氟乙烷混合物，;五氟乙烷\/四氟乙烷\/二氟甲烷混合物，;一氯二氟甲烷\/五氟乙烷\/三氟乙烷混合物，;一氯二氟甲烷\/一氯二氟乙烷\/一氯四氟乙烷混合物，;五氟乙烷\/二氟甲烷混合物，;五氟乙烷\/1,1,1-三氟乙烷混合物，;一氯二氟甲烷，75-45-6;1,1,1,2-四氟乙烷，;异丁烷，75-28-5;二氟甲烷，75-10-5;1,1,1-三氟乙烷，420-46-2;1,1-二氟乙烷，75-37-6;五氟乙烷\/二氟一氯甲烷\/丙烷混合物，;一氯二氟乙烷\/二氟一氯甲烷\/异丁烷混合物，;二氟一氯甲烷和1,1-二氟乙烷混合气体，;丙烷，74-98-6;二甲醚，115-10-6;二氯二氟甲烷，75-71-8;一氯五氟乙烷，76-15-3;丙烯，115-07-1",
      "CGRJ": "280",
      "WHZRS": 12,
      "CREATE_NAME": "系统开发",
      "ZGRS": 30,
      "QYFZR": "赖连军",
      "ZDWXYJB": "004",
      "FGAQRSJ": "15356883251",
      "CREATOR_ID": "6666",
      "FZRSJ": "13566057933",
      "QYLX": "002",
      "AQSCBZHDJ": "003",
      "QYMC": "宁波考尔曼制冷工业有限公司",
      "WZWD": "29.87912",
      "CREATE_TIME": "2019-11-22",
      "UUID": "7",
      "TZRS": 6,
      "YJZDH": "0574-86910051",
      "UPDATE_NAME": "系统开发",
      "WKFJZMJ": "2400",
      "JHZRS": 0,
      "UPDATE_TIME": "2019-11-22",
      "ZASGRS": 2,
      "DELETE_FLAG": "0",
      "WZJD": "121.88994",
      "FGAQR": "励蒋波",
      "ZDWXY": "储罐区，4",
      "WXGY": "",
      "UPDATE_ID": "6666"
    },
    {
      "SCDZ": "宁波市北仑区戚家山街道港口路98号",
      "NJXSSR": "46900.00000000",
      "HXP": "液化石油气，68476-85-7;碳四馏分，无资料;乙苯，100-41-4;精丙烯，115-07-1;丙烷，74-98-6;2-甲基丙烷，75-28-5;叔丁基甲醚，1634-04-4;苯乙烯，100-42-5;液体硫磺，7704-34-9;丙苯，103-65-7;甲苯，108-88-3;苯，71-43-2;氧气，7782-44-7;氮气，7727-37-9;丙烯，115-07-1;丁二烯，106-99-0;硫化氢，7783-6-4;氢气，1333-74-0;戊烷发泡剂，109-66-0;轻芳烃，71-43-2;1,2,3-三甲基苯，526-73-8;1,2,4,5-四甲苯，95-93-2;正庚烷，142-82-5;45#变压器油，无资料;异戊烷发泡剂，78-78-4;1,2-二甲苯，95-47-6;导热油，无资料;碳五，无资料;石油醚，8032-32-4;重芳烃，64742-94-5;碳六(主要成分己烷)，110-54-3;二氧化硫，7446-9-5;异己烷，110-54-3;环丁砜，126-33-0;辛烷，111-65-9;重油，;四氢呋喃，109-99-9;丁基锂，109-72-8;石脑油，8030-30-6;甲醇，67-56-1;环己烷，110-82-7",
      "CGRJ": "158450",
      "WHZRS": 163,
      "CREATE_NAME": "系统开发",
      "ZGRS": 480,
      "QYFZR": "陶春风",
      "ZDWXYJB": "001",
      "FGAQRSJ": "15058871857",
      "CREATOR_ID": "6666",
      "FZRSJ": "13806633688",
      "QYLX": "002",
      "AQSCBZHDJ": "003",
      "QYMC": "宁波科元精化有限公司",
      "WZWD": "29.96156000",
      "CREATE_TIME": "2019-11-22",
      "UUID": "8",
      "TZRS": 200,
      "YJZDH": "0574-86232915",
      "UPDATE_NAME": "系统开发",
      "WKFJZMJ": "0",
      "JHZRS": 0,
      "UPDATE_TIME": "2019-11-22",
      "ZASGRS": 16,
      "DELETE_FLAG": "0",
      "WZJD": "121.78873000",
      "FGAQR": "瞿滨",
      "ZDWXY": "宁波科元塑胶有限公司，1",
      "WXGY": "裂解（裂化）工艺，2009-10-30 00:00:00;加氢工艺，2016-12-30 00:00:00;氧化工艺，2009-12-30 00:00:00;烷基化工艺，2009-12-30 00:00:00",
      "UPDATE_ID": "6666"
    },
    {
      "SCDZ": "宁波市北仑区霞浦临港二路168号宁波钢铁厂内",
      "NJXSSR": "91024",
      "HXP": "氧[压缩的或液化的]，7782-44-7;氮[压缩的或液化的]，7727-37-9;氩[压缩的或液化的]，7440-37-1",
      "CGRJ": "7100",
      "WHZRS": 0,
      "CREATE_NAME": "系统开发",
      "ZGRS": 23,
      "QYFZR": "付传",
      "ZDWXYJB": "004",
      "FGAQRSJ": "13957435005",
      "CREATOR_ID": "6666",
      "FZRSJ": "13917362596",
      "QYLX": "002",
      "AQSCBZHDJ": "003",
      "QYMC": "林德气体（宁波）有限公司",
      "WZWD": "29.90501",
      "CREATE_TIME": "2019-11-22",
      "UUID": "9",
      "TZRS": 4,
      "YJZDH": "0574-86803829",
      "UPDATE_NAME": "系统开发",
      "WKFJZMJ": "0",
      "JHZRS": 0,
      "UPDATE_TIME": "2019-11-22",
      "ZASGRS": 2,
      "DELETE_FLAG": "0",
      "WZJD": "121.87135",
      "FGAQR": "赵义明",
      "ZDWXY": "一厂区储存单元，4",
      "WXGY": "",
      "UPDATE_ID": "6666"
    },
    {
      "SCDZ": "宁波经济技术开发区石化专区(霞浦)",
      "NJXSSR": "1500000.00000000",
      "HXP": "甲醇，67-56-1;氢氧化钾，1310-58-3;天然气[富含甲烷的]，8006-14-2;氢，1333-74-0;氮[压缩的]，7727-37-9;氢氧化钠，1310-73-2;正磷酸，7664-38-2;次氯酸钠溶液[含有效氯＞5%]，7681-52-9;1,4-二甲苯，106-42-3;盐酸，7647-01-0;硫酸，7664-93-9;过氧化氢异丙苯[含量≤90%,含A型稀释剂≥10%]，80-15-9;丙酮，67-64-1;苯酚，108-95-2;异丙基苯，98-82-8;丙烯，115-07-1;苯，71-43-2;氢，1333-74-0;乙酸[含量＞80%]，64-19-7;氮[液化的]，7727-37-9;2-丙烯腈[稳定的]，107-13-1;苯乙烯[稳定的]，100-42-5;1,3-丁二烯[稳定的]，106-99-0;十二烷基硫醇，112-55-0",
      "CGRJ": "365796.7",
      "WHZRS": 278,
      "CREATE_NAME": "系统开发",
      "ZGRS": 690,
      "QYFZR": "陈启祯",
      "ZDWXYJB": "001",
      "FGAQRSJ": "13736012239",
      "CREATOR_ID": "6666",
      "FZRSJ": "15867863302",
      "QYLX": "002",
      "AQSCBZHDJ": "002",
      "QYMC": "台化兴业(宁波)有限公司",
      "WZWD": "29.91313800",
      "CREATE_TIME": "2019-11-22",
      "UUID": "10",
      "TZRS": 326,
      "YJZDH": "0574-86028509",
      "UPDATE_NAME": "系统开发",
      "WKFJZMJ": "69000",
      "JHZRS": 0,
      "UPDATE_TIME": "2019-11-22",
      "ZASGRS": 14,
      "DELETE_FLAG": "0",
      "WZJD": "121.89405000",
      "FGAQR": "张聪",
      "ZDWXY": "苯酚厂成品槽区，2;BP生产装置，2;SAN生产装置，3;ABS厂原料槽区，1;台化槽区ABS厂原料罐区，1;PS厂储罐区，2;苯酚厂生产装置区，1;苯酚厂原料罐区，1;苯酚厂丙烯罐区，1;PTA厂原料储存区，3",
      "WXGY": "氧化工艺，2008-04-01 00:00:00;加氢工艺，2008-04-01 00:00:00;聚合工艺，2004-12-02 00:00:00;烷基化工艺，2015-01-12 00:00:00;氧化工艺，2015-01-12 00:00:00;加氢工艺，2015-01-12 00:00:00;裂解（裂化）工艺，2015-01-12 00:00:00",
      "UPDATE_ID": "6666"
    },
    {
      "SCDZ": "宁波市北仑区小港街道朱田村",
      "NJXSSR": "1000.00000000",
      "HXP": "乙炔，74-86-2;碳化钙，75-20-7;丙酮，67-64-1",
      "CGRJ": "0",
      "WHZRS": 12,
      "CREATE_NAME": "系统开发",
      "ZGRS": 35,
      "QYFZR": "王银芳",
      "ZDWXYJB": "004",
      "FGAQRSJ": "13906692512",
      "CREATOR_ID": "6666",
      "FZRSJ": "13906692512",
      "QYLX": "002",
      "AQSCBZHDJ": "003",
      "QYMC": "宁波市北仑环久乙炔气体有限公司",
      "WZWD": "29.93377000",
      "CREATE_TIME": "2019-11-22",
      "UUID": "11",
      "TZRS": 15,
      "YJZDH": "0574-86176226",
      "UPDATE_NAME": "系统开发",
      "WKFJZMJ": "60",
      "JHZRS": 0,
      "UPDATE_TIME": "2019-11-22",
      "ZASGRS": 2,
      "DELETE_FLAG": "0",
      "WZJD": "121.69193000",
      "FGAQR": "王银芳",
      "ZDWXY": "溶解乙炔生产车间，4",
      "WXGY": "",
      "UPDATE_ID": "6666"
    },
    {
      "SCDZ": "宁波市北仑区小港金鸡山路98号，宁波市北仑区丽亚路29号",
      "NJXSSR": "320000.00000000",
      "HXP": "二甲苯异构体混合物，1330-20-7;过氧化二苯甲酰[含量≤77%,含水≥23%]，94-36-0;过氧苯甲酸叔丁酯[77%＜含量≤100%]，614-45-9;聚苯乙烯颗粒，;苯乙烯[稳定的]，100-42-5;正戊烷，109-66-0;盐酸，7647-01-0;氢氧化钠溶液[含量≥30%]，1310-73-2;过氧化二异丙苯[52%＜含量≤100%]，80-43-3",
      "CGRJ": "3232",
      "WHZRS": 18,
      "CREATE_NAME": "系统开发",
      "ZGRS": 142,
      "QYFZR": "颜益红",
      "ZDWXYJB": "003",
      "FGAQRSJ": "19957471798",
      "CREATOR_ID": "6666",
      "FZRSJ": "13095937888",
      "QYLX": "002",
      "AQSCBZHDJ": "003",
      "QYMC": "宁波新桥化工有限公司",
      "WZWD": "29.96166700",
      "CREATE_TIME": "2019-11-22",
      "UUID": "12",
      "TZRS": 45,
      "YJZDH": "0574-86228272",
      "UPDATE_NAME": "系统开发",
      "WKFJZMJ": "5157.45",
      "JHZRS": 0,
      "UPDATE_TIME": "2019-11-22",
      "ZASGRS": 2,
      "DELETE_FLAG": "0",
      "WZJD": "121.73138900",
      "FGAQR": "朱振强",
      "ZDWXY": "生产储罐区，3",
      "WXGY": "聚合工艺，1994-03-18 00:00:00",
      "UPDATE_ID": "6666"
    },
    {
      "SCDZ": "北仑区港口路8号",
      "NJXSSR": "2063747",
      "HXP": "乙酸[含量＞80%]，64-19-7;乙酸正丙酯，109-60-4;甲醇，67-56-1;氮[液化的]，7727-37-9;氢氧化钠，1310-73-2;次氯酸钠溶液[含有效氯＞5%]，7681-52-9;盐酸，7647-01-0;正磷酸，7664-38-2;硫酸，7664-93-9;氢溴酸，10035-10-6;乙酸异丁酯，110-19-0;氢，1333-74-0;乙酸[含量＞80%]，64-19-7;乙酸甲酯，79-20-9;1,4-二甲苯，106-42-3",
      "CGRJ": "186720",
      "WHZRS": 120,
      "CREATE_NAME": "系统开发",
      "ZGRS": 510,
      "QYFZR": "王虎",
      "ZDWXYJB": "002",
      "FGAQRSJ": "13606844838",
      "CREATOR_ID": "6666",
      "FZRSJ": "13567918850",
      "QYLX": "002",
      "AQSCBZHDJ": "003",
      "QYMC": "浙江逸盛石化有限公司",
      "WZWD": "29.972414",
      "CREATE_TIME": "2019-11-22",
      "UUID": "13",
      "TZRS": 155,
      "YJZDH": "0574-86189128",
      "UPDATE_NAME": "系统开发",
      "WKFJZMJ": "0",
      "JHZRS": 0,
      "UPDATE_TIME": "2019-11-22",
      "ZASGRS": 12,
      "DELETE_FLAG": "0",
      "WZJD": "121.75996",
      "FGAQR": "全章明",
      "ZDWXY": "PTA生产项目危险化学品重大危险源，3",
      "WXGY": "加氢工艺，2014-11-29 00:00:00;氧化工艺，2014-11-29 00:00:00",
      "UPDATE_ID": "6666"
    },
    {
      "SCDZ": "浙江省宁波市北仑区戚家山街道丽亚路19号",
      "NJXSSR": "6000",
      "HXP": "六溴环十二烷，;苯乙烯[稳定的]，100-42-5;正戊烷，78-78-4;聚苯乙烯珠粒料，可膨胀，会放出易燃气体，",
      "CGRJ": "100",
      "WHZRS": 0,
      "CREATE_NAME": "系统开发",
      "ZGRS": 29,
      "QYFZR": "田志雨",
      "ZDWXYJB": "004",
      "FGAQRSJ": "18757466427",
      "CREATOR_ID": "6666",
      "FZRSJ": "18157442620",
      "QYLX": "002",
      "AQSCBZHDJ": "003",
      "QYMC": "宁波龙利钜能新材料有限公司",
      "WZWD": "29.9585488004583",
      "CREATE_TIME": "2019-11-22",
      "UUID": "14",
      "TZRS": 10,
      "YJZDH": "0574-86235910",
      "UPDATE_NAME": "系统开发",
      "WKFJZMJ": "1903.15",
      "JHZRS": 0,
      "UPDATE_TIME": "2019-11-22",
      "ZASGRS": 2,
      "DELETE_FLAG": "0",
      "WZJD": "121.792184576721",
      "FGAQR": "厉红",
      "ZDWXY": "成品仓库，4级",
      "WXGY": "不涉及",
      "UPDATE_ID": "6666"
    },
    {
      "SCDZ": "宁波北仑区戚家山港口路108号",
      "NJXSSR": "10000",
      "HXP": "环己烷，110-82-7;正丁基锂，109-72-8;四氢呋喃，109-99-9;苯乙烯，100-42-5;1,3-丁二烯[稳定的]，106-99-0;苯乙烯[稳定的]，100-42-5;氧[压缩的或液化的]，7782-44-7;氮[压缩的或液化的]，7727-37-9;四氯化硅，10026-04-7;氢，1333-74-0;环己烷，110-82-7;N,N,N’,N’-四甲基乙二胺,110-18-9;2-甲基-1,3-丁二烯[稳定的],78-79-5",
      "CGRJ": "3520",
      "WHZRS": 156,
      "CREATE_NAME": "系统开发",
      "ZGRS": 231,
      "QYFZR": "傅建立",
      "ZDWXYJB": "003",
      "FGAQRSJ": "13857410918",
      "CREATOR_ID": "6666",
      "FZRSJ": "13857410918",
      "QYLX": "002",
      "AQSCBZHDJ": "003",
      "QYMC": "宁波长鸿高分子科技股份有限公司",
      "WZWD": "29.96027",
      "CREATE_TIME": "2019-11-22",
      "UUID": "15",
      "TZRS": 35,
      "YJZDH": "0574-55222163",
      "UPDATE_NAME": "系统开发",
      "WKFJZMJ": "0",
      "JHZRS": 0,
      "UPDATE_TIME": "2019-11-22",
      "ZASGRS": 5,
      "DELETE_FLAG": "0",
      "WZJD": "121.78923",
      "FGAQR": "傅建立",
      "ZDWXY": "1.宁波长鸿高分子科技股份有限公司储存单元\n;2.宁波长鸿高分子科技股份有限公司生产单元",
      "WXGY": "加氢工艺，2016-10-01 00:00:00;聚合工艺，2014-01-31 00:00:00",
      "UPDATE_ID": "6666"
    },
    {
      "SCDZ": "宁波市北仑区霞浦街道临港二路1-26号",
      "NJXSSR": "4291.5",
      "HXP": "锂离子电池电解液，无;碳酸二甲酯，616-38-6;碳酸二乙酯，105-58-8;碳酸甲乙酯，623-53-0，;碳酸乙烯酯，;碳酸丙烯酯，;六氟磷酸锂等",
      "CGRJ": "300",
      "WHZRS": 0,
      "CREATE_NAME": "系统开发",
      "ZGRS": 76,
      "QYFZR": "清野允中",
      "ZDWXYJB": "005",
      "FGAQRSJ": "0574-86902999",
      "CREATOR_ID": "6666",
      "FZRSJ": "15824204497",
      "QYLX": "002",
      "AQSCBZHDJ": "005",
      "QYMC": "台塑三井精密化学有限公司",
      "WZWD": "29.908539",
      "CREATE_TIME": "2019-11-22",
      "UUID": "16",
      "TZRS": 0,
      "YJZDH": "0574-86027407",
      "UPDATE_NAME": "系统开发",
      "WKFJZMJ": "835",
      "JHZRS": 0,
      "UPDATE_TIME": "2019-11-22",
      "ZASGRS": 4,
      "DELETE_FLAG": "0",
      "WZJD": "121.8873",
      "FGAQR": "黄德财",
      "ZDWXY": "　",
      "WXGY": "　",
      "UPDATE_ID": "6666"
    },
    {
      "SCDZ": "宁波市北仑区戚家山街道宏源路168号",
      "NJXSSR": "100000.00000000",
      "HXP": "丙烷，74-98-6;丙烯，115-07-1;2-丁酮，78-93-3;异丁烷，75-28-5;异辛烷，26635-64-3;正丁烷，106-97-8;液化石油气，68476-85-7;硫酸，7664-93-9;氢，1333-74-0;2-丁醇，78-92-2;混合C5，",
      "CGRJ": "398150",
      "WHZRS": 286,
      "CREATE_NAME": "系统开发",
      "ZGRS": 620,
      "QYFZR": "杨楚周",
      "ZDWXYJB": "001",
      "FGAQRSJ": "18758810551",
      "CREATOR_ID": "6666",
      "FZRSJ": "13609791692",
      "QYLX": "002",
      "AQSCBZHDJ": "003",
      "QYMC": "宁波金发新材料有限公司",
      "WZWD": "29.95756000",
      "CREATE_TIME": "2019-11-22",
      "UUID": "17",
      "TZRS": 142,
      "YJZDH": "0574-86235336",
      "UPDATE_NAME": "系统开发",
      "WKFJZMJ": "810",
      "JHZRS": 0,
      "UPDATE_TIME": "2019-11-22",
      "ZASGRS": 10,
      "DELETE_FLAG": "0",
      "WZJD": "121.77637000",
      "FGAQR": "张国甫",
      "ZDWXY": "装置区，2;罐区，1",
      "WXGY": "烷基化工艺，2014-07-01 00:00:00;裂解（裂化）工艺，2014-07-01 00:00:00",
      "UPDATE_ID": "6666"
    },
    {
      "SCDZ": "宁波市北仑区郭巨街道白中线峙北段389号",
      "NJXSSR": "8900",
      "HXP": "氧[液化的]，7782-44-7;氮[液化的]，7727-37-9;氩[压缩的或液化的]，7440-37-1",
      "CGRJ": "5100",
      "WHZRS": 12,
      "CREATE_NAME": "系统开发",
      "ZGRS": 32,
      "QYFZR": "张作芳",
      "ZDWXYJB": "003",
      "FGAQRSJ": "13556251572",
      "CREATOR_ID": "6666",
      "FZRSJ": "18658278708",
      "QYLX": "002",
      "AQSCBZHDJ": "003",
      "QYMC": "中海油工业气体（宁波）有限公司",
      "WZWD": "29.89071",
      "CREATE_TIME": "2019-11-22",
      "UUID": "18",
      "TZRS": 12,
      "YJZDH": "0574-26868789",
      "UPDATE_NAME": "系统开发",
      "WKFJZMJ": "30",
      "JHZRS": 0,
      "UPDATE_TIME": "2019-11-22",
      "ZASGRS": 1,
      "DELETE_FLAG": "0",
      "WZJD": "122.09342",
      "FGAQR": "吕俊山",
      "ZDWXY": "中海油工业气体（宁波）有限公司，3",
      "WXGY": "",
      "UPDATE_ID": "6666"
    },
    {
      "SCDZ": "浙江省宁波市北仑区小港江南西路49号(此地址在江南中路上紧挨金春旧货，由于江南公路延伸，企业门牌号仍为江南西路49号。）",
      "NJXSSR": "8618",
      "HXP": "液氧，7882-44-7;液氩，7440-37-1;液氮，7727-37-9;乙炔，74-86-2;二氧化碳[压缩的]，124-38-9;四氟甲烷，75-73-0;氦[压缩的或液化的]，7440-59-7;氢，1333-74-0",
      "CGRJ": "1030",
      "WHZRS": 14,
      "CREATE_NAME": "系统开发",
      "ZGRS": 74,
      "QYFZR": "吴侃明",
      "ZDWXYJB": "004",
      "FGAQRSJ": "13706848199",
      "CREATOR_ID": "6666",
      "FZRSJ": "13884469010",
      "QYLX": "002",
      "AQSCBZHDJ": "003",
      "QYMC": "梅塞尔阳光（宁波）气体产品有限公司",
      "WZWD": "29.90966",
      "CREATE_TIME": "2019-11-22",
      "UUID": "19",
      "TZRS": 22,
      "YJZDH": "0574-86177327",
      "UPDATE_NAME": "系统开发",
      "WKFJZMJ": "60",
      "JHZRS": 0,
      "UPDATE_TIME": "2019-11-22",
      "ZASGRS": 2,
      "DELETE_FLAG": "0",
      "WZJD": "121.67486",
      "FGAQR": "方韩辉",
      "ZDWXY": "液氧储槽，4",
      "WXGY": "",
      "UPDATE_ID": "6666"
    },
    {
      "SCDZ": "北仑区石桥化工区经七路15号",
      "NJXSSR": "2892",
      "HXP": "A30-11氨基烘干绝缘漆，;105氨基亚光烘干漆，;B300丙烯酸防污漆，;BS802丙烯酸聚氨酯防腐面漆，;B172丙烯酸面漆，;C04-2醇酸磁漆，;C86-32醇酸标志漆，;C53-38铝铁防锈漆，;C04-86醇酸亚光面漆，;F42-31酚醛甲板漆，;F03-1酚醛调合漆，;2828铝粉漆，;F80-31酚醛地板漆，;103聚酯烘干漆，;SC0008聚氨酯面漆，;L40-34沥青防污漆，;L01-17煤焦沥青清漆，;L44-81铝粉沥青船底漆，;ZR铁红油性防锈漆，;HT环氧厚浆防锈漆，;H600环氧沥青厚浆防锈漆，;H172环氧面漆，;H103环氧云铁防锈漆，;H06-1环氧富锌底漆，;J170氯化橡胶船壳漆，;J160氯化橡胶厚浆防锈漆，;J172氯化橡胶面漆，;J300 氯化橡胶防污漆，;蚀刻底漆，;W61-4有机硅耐热漆，;E06-1无机硅酸锌防锈底漆，;氨基漆稀释剂，;H103环氧漆稀释剂，;X-6醇酸漆稀释剂，;BS丙烯酸漆稀释剂，;X-36氯化橡胶漆稀释剂，;桐油，;亚油，;豆油，;油酸，;环氧树脂，;醇",
      "CGRJ": "760",
      "WHZRS": 50,
      "CREATE_NAME": "系统开发",
      "ZGRS": 60,
      "QYFZR": "洪尉明",
      "ZDWXYJB": "005",
      "FGAQRSJ": "13757491554",
      "CREATOR_ID": "6666",
      "FZRSJ": "13906688865",
      "QYLX": "002",
      "AQSCBZHDJ": "003",
      "QYMC": "宁波飞轮造漆有限责任公司",
      "WZWD": "29.92338",
      "CREATE_TIME": "2019-11-22",
      "UUID": "20",
      "TZRS": 7,
      "YJZDH": "0574-86173387",
      "UPDATE_NAME": "系统开发",
      "WKFJZMJ": "969",
      "JHZRS": 0,
      "UPDATE_TIME": "2019-11-22",
      "ZASGRS": 2,
      "DELETE_FLAG": "0",
      "WZJD": "121.68579",
      "FGAQR": "方指利",
      "ZDWXY": "",
      "WXGY": "",
      "UPDATE_ID": "6666"
    },
    {
      "SCDZ": "浙江省宁波市北仑区霞浦街道临港二路1-8号",
      "NJXSSR": "751241",
      "HXP": "丙烯酸甲酯[稳定的]，96-33-3;正丁醇，71-36-3;丙烯，115-07-1;丙烯酸乙酯[稳定的]，140-88-5;丙烯酸[稳定的]，79-10-7;丙烯酸正丁酯[稳定的]，141-32-2;甲醇，67-56-1;乙醇[无水]，64-17-5;甲苯，108-88-3;氯乙烯[稳定的]，75-01-4;乙烯，74-85-1;乙酸乙烯酯，108-05-4;氢氧化钠溶液[含量≥30%]，1310-73-2;氮[压缩的]，7727-37-9;次氯酸钠溶液[含有效氯＞5%]，7681-52-9;叔丁基过氧新癸酸酯[77%＜含量≤100%]，26748-41-4;异十二烷，93685-81-5;1-(2-过氧化乙基己醇-1,3-二甲基丁基过氧化新戊酸酯[含量≤52%,含A型稀释剂≥45%,含B型稀释剂≥10%]，228415-62-1;聚合引发剂，927-07-1         64742-48-9;过氧新癸酸枯酯[含量≤52%,在水中稳定弥散]，26748-47-0;氨溶液[含氨＞10%]，1336-21-6;过二硫酸钾，7727-21-1;过二硫酸铵，7727-54-0;聚合引发剂，3006-82-4;正丁烷，106-97-8;2,5-二甲基-2,5-二氢过氧化己烷[含量≤82%]，3025-88-5;2-丙醇，67-63-0;甲基环",
      "CGRJ": "112000",
      "WHZRS": 218,
      "CREATE_NAME": "系统开发",
      "ZGRS": 975,
      "QYFZR": "周甘祥",
      "ZDWXYJB": "001",
      "FGAQRSJ": "13757497213",
      "CREATOR_ID": "6666",
      "FZRSJ": "18352908062",
      "QYLX": "002",
      "AQSCBZHDJ": "002",
      "QYMC": "台塑工业（宁波）有限公司",
      "WZWD": "29.910433",
      "CREATE_TIME": "2019-11-22",
      "UUID": "21",
      "TZRS": 275,
      "YJZDH": "0574-86902996",
      "UPDATE_NAME": "系统开发",
      "WKFJZMJ": "1000",
      "JHZRS": 0,
      "UPDATE_TIME": "2019-11-22",
      "ZASGRS": 20,
      "DELETE_FLAG": "0",
      "WZJD": "121.912973",
      "FGAQR": "李培富",
      "ZDWXY": "AE厂丙烯罐组1(一级)；丙烯罐组2(一级)；原料罐区(二级)；成品罐区(三级)；中间罐区(四级)；;PVC厂均一粉生产装置(三级)；糊树脂生产装置(四级)；回收精馏区(四级)；VCM缓冲球罐区(一级)；VCM卧罐区(三级)；PP厂丙烯罐区(一级)；蒸馏回收单元(二级)；副料仓库3(二级)；纯化单元(三级)；重合单元(三级)；丁烯罐区(三级)；冷冻单元(四级)；三乙基铝调配单元(四级)；EVA厂醋酸乙烯酯储存区(四级)；丙烯丁烷罐组(四级);",
      "WXGY": "氧化工艺，2006-03-01 00:00:00;聚合工艺，2007-07-01 00:00:00",
      "UPDATE_ID": "6666"
    },
    {
      "SCDZ": "宁波市北仑区丽亚路29号",
      "NJXSSR": "0.00000000",
      "HXP": "聚苯乙烯珠体[可发性的]，;苯乙烯[稳定的]，100-42-5;正戊烷，109-66-0;二甲苯异构体混合物，1330-20-7;过氧化二苯甲酰[含量≤77%,含水≥23%]，94-36-0;过氧苯甲酸叔丁酯[77%＜含量≤100%]，614-45-9;过氧化二异丙苯[52%＜含量≤100%]，80-43-3;六溴环十二烷，;盐酸，7647-01-0;氢氧化钠溶液[含量≥30%]，1310-73-2",
      "CGRJ": "9280",
      "WHZRS": 12,
      "CREATE_NAME": "系统开发",
      "ZGRS": 45,
      "QYFZR": "田志雨",
      "ZDWXYJB": "003",
      "FGAQRSJ": "13065667181",
      "CREATOR_ID": "6666",
      "FZRSJ": "13095629901",
      "QYLX": "002",
      "AQSCBZHDJ": "004",
      "QYMC": "宁波龙利钜能新材料有限公司北仑分公司",
      "WZWD": "29.96089000",
      "CREATE_TIME": "2019-11-22",
      "UUID": "22",
      "TZRS": 26,
      "YJZDH": "0574-86228272",
      "UPDATE_NAME": "系统开发",
      "WKFJZMJ": "8469.6",
      "JHZRS": 0,
      "UPDATE_TIME": "2019-11-22",
      "ZASGRS": 2,
      "DELETE_FLAG": "0",
      "WZJD": "121.78775000",
      "FGAQR": "曾首元",
      "ZDWXY": "生产储罐区，3",
      "WXGY": "聚合工艺，2014-04-27 00:00:00",
      "UPDATE_ID": "6666"
    },
    {
      "SCDZ": "宁波市北仑区郭巨街道峙北",
      "NJXSSR": "",
      "HXP": "天然气[富含甲烷的]，8006-14-2，,丙烷，74-98-6，,柴油[闭杯闪点≤60℃]，，",
      "CGRJ": "480000.00000000",
      "WHZRS": 124,
      "CREATE_NAME": "系统开发",
      "ZGRS": 242,
      "QYFZR": "苗国英",
      "ZDWXYJB": "001",
      "FGAQRSJ": "13858369906",
      "CREATOR_ID": "6666",
      "FZRSJ": "18858186186",
      "QYLX": "001",
      "AQSCBZHDJ": "002",
      "QYMC": "中海浙江宁波液化天然气有限公司",
      "WZWD": "29.89407000",
      "CREATE_TIME": "2019-11-22",
      "UUID": "23",
      "TZRS": 3,
      "YJZDH": "86010609",
      "UPDATE_NAME": "系统开发",
      "WKFJZMJ": "0.00000000",
      "JHZRS": 0,
      "UPDATE_TIME": "2019-11-22",
      "ZASGRS": 7,
      "DELETE_FLAG": "0",
      "WZJD": "122.09312000",
      "FGAQR": "田原",
      "ZDWXY": "",
      "WXGY": "",
      "UPDATE_ID": "6666"
    },
    {
      "SCDZ": "宁波市北仑区霞浦街道临港二路1-6号16幢01号",
      "NJXSSR": "2281",
      "HXP": "氯乙烯[稳定的]，75-01-4，,甲醇，67-56-1，,正丁醇，71-36-3，,丙烯酸[稳定的]，79-10-7，,,丙烯酸正丁酯[稳定的]，141-32-2，,丙烯，115-07-1，,乙烯，74-85-1，,2-丙烯酸异辛酯，29590-42-9，,乙醇[无水]，64-17-5，",
      "CGRJ": "203000",
      "WHZRS": 51,
      "CREATE_NAME": "系统开发",
      "ZGRS": 91,
      "QYFZR": "周甘祥",
      "ZDWXYJB": "001",
      "FGAQRSJ": "13738851811",
      "CREATOR_ID": "6666",
      "FZRSJ": "18352908062",
      "QYLX": "001",
      "AQSCBZHDJ": "002",
      "QYMC": "台塑港务（宁波）有限公司",
      "WZWD": "29.923333",
      "CREATE_TIME": "2019-11-22",
      "UUID": "24",
      "TZRS": 66,
      "YJZDH": "86027508",
      "UPDATE_NAME": "系统开发",
      "WKFJZMJ": "0",
      "JHZRS": 0,
      "UPDATE_TIME": "2019-11-22",
      "ZASGRS": 5,
      "DELETE_FLAG": "0",
      "WZJD": "121.894444",
      "FGAQR": "谢志祥",
      "ZDWXY": "冷冻贮槽单元、丙烯压力球槽单元、氯乙烯压力球槽单元、常压贮槽单元",
      "WXGY": "无",
      "UPDATE_ID": "6666"
    },
    {
      "SCDZ": "宁波北仑小港下周隘村",
      "NJXSSR": "0",
      "HXP": "氨，7664-41-7，",
      "CGRJ": "100",
      "WHZRS": 0,
      "CREATE_NAME": "系统开发",
      "ZGRS": 15,
      "QYFZR": "方国彰",
      "ZDWXYJB": "003",
      "FGAQRSJ": "13396617979",
      "CREATOR_ID": "6666",
      "FZRSJ": "13906628525",
      "QYLX": "001",
      "AQSCBZHDJ": "003",
      "QYMC": "宁波市方辛气体有限公司北仑液氨充装站",
      "WZWD": "29.87288",
      "CREATE_TIME": "2019-11-22",
      "UUID": "25",
      "TZRS": 2,
      "YJZDH": "0574-88387608",
      "UPDATE_NAME": "系统开发",
      "WKFJZMJ": "72",
      "JHZRS": 0,
      "UPDATE_TIME": "2019-11-22",
      "ZASGRS": 1,
      "DELETE_FLAG": "0",
      "WZJD": "121.69678",
      "FGAQR": "李圣华",
      "ZDWXY": "",
      "WXGY": "",
      "UPDATE_ID": "6666"
    },
    {
      "SCDZ": "宁波市北仑区霞浦临港二路168号",
      "NJXSSR": "1710000",
      "HXP": "粗苯，71-43-2，,煤焦油，，,焦炉煤气，630-08-0，,转炉煤气，630-08-0，,高炉煤气，630-08-0，,硫磺，7704-34-9，,硫酸，7664-93-9，,氨溶液[含氨＞10%]，1336-21-6，",
      "CGRJ": "9588",
      "WHZRS": 85,
      "CREATE_NAME": "系统开发",
      "ZGRS": 3298,
      "QYFZR": "瞿涛",
      "ZDWXYJB": "003",
      "FGAQRSJ": "13567923399",
      "CREATOR_ID": "6666",
      "FZRSJ": "13586681197",
      "QYLX": "001",
      "AQSCBZHDJ": "001",
      "QYMC": "宁波钢铁有限公司",
      "WZWD": "29.91276",
      "CREATE_TIME": "2019-11-22",
      "UUID": "26",
      "TZRS": 9,
      "YJZDH": "0574-86858000",
      "UPDATE_NAME": "系统开发",
      "WKFJZMJ": "54",
      "JHZRS": 0,
      "UPDATE_TIME": "2019-11-22",
      "ZASGRS": 56,
      "DELETE_FLAG": "0",
      "WZJD": "121.86852",
      "FGAQR": "裘韶均",
      "ZDWXY": "",
      "WXGY": "",
      "UPDATE_ID": "6666"
    },
    {
      "SCDZ": "宁波市北仑区霞浦临港二路1-19号",
      "NJXSSR": "300000",
      "HXP": "苯酚，108-95-2，,丙酮，67-64-1，",
      "CGRJ": "2000",
      "WHZRS": 12,
      "CREATE_NAME": "系统开发",
      "ZGRS": 179,
      "QYFZR": "朱嘉颂",
      "ZDWXYJB": "003",
      "FGAQRSJ": "13566510686",
      "CREATOR_ID": "6666",
      "FZRSJ": "18258759644",
      "QYLX": "001",
      "AQSCBZHDJ": "002",
      "QYMC": "南亚塑胶工业（宁波）有限公司",
      "WZWD": "29.91677",
      "CREATE_TIME": "2019-11-22",
      "UUID": "27",
      "TZRS": 60,
      "YJZDH": "0574-86026031",
      "UPDATE_NAME": "系统开发",
      "WKFJZMJ": "97",
      "JHZRS": 0,
      "UPDATE_TIME": "2019-11-22",
      "ZASGRS": 9,
      "DELETE_FLAG": "0",
      "WZJD": "121.8921",
      "FGAQR": "郑正宏",
      "ZDWXY": "BPA厂槽区",
      "WXGY": "烷基化工艺",
      "UPDATE_ID": "6666"
    },
    {
      "SCDZ": "宁波市北仑区戚家山青峙化工区",
      "NJXSSR": "",
      "HXP": "2-丙烯腈[稳定的]，107-13-1，",
      "CGRJ": "1400.00000000",
      "WHZRS": 123,
      "CREATE_NAME": "系统开发",
      "ZGRS": 220,
      "QYFZR": "邱海昌",
      "ZDWXYJB": "003",
      "FGAQRSJ": "18733438883",
      "CREATOR_ID": "6666",
      "FZRSJ": "13958323111",
      "QYLX": "003",
      "AQSCBZHDJ": "003",
      "QYMC": "宁波中新腈纶有限公司",
      "WZWD": "29.96260000",
      "CREATE_TIME": "2019-11-22",
      "UUID": "28",
      "TZRS": 85,
      "YJZDH": "13906691940\n",
      "UPDATE_NAME": "系统开发",
      "WKFJZMJ": "3000.00000000",
      "JHZRS": 0,
      "UPDATE_TIME": "2019-11-22",
      "ZASGRS": 6,
      "DELETE_FLAG": "0",
      "WZJD": "121.78464000",
      "FGAQR": "宋英杰",
      "ZDWXY": "",
      "WXGY": "",
      "UPDATE_ID": "6666"
    },
    {
      "SCDZ": "宁波市北仑区进港西路66号",
      "NJXSSR": "0",
      "HXP": "液氨",
      "CGRJ": "1700",
      "WHZRS": 95,
      "CREATE_NAME": "系统开发",
      "ZGRS": 896,
      "QYFZR": "项岱军",
      "ZDWXYJB": "003",
      "FGAQRSJ": "13777225902",
      "CREATOR_ID": "6666",
      "FZRSJ": "86892695",
      "QYLX": "003",
      "AQSCBZHDJ": "001",
      "QYMC": "国电浙江北仑第三发电有限公司",
      "WZWD": "29.9585488004583",
      "CREATE_TIME": "2019-11-22",
      "UUID": "29",
      "TZRS": 5,
      "YJZDH": "86892101",
      "UPDATE_NAME": "系统开发",
      "WKFJZMJ": "0",
      "JHZRS": 0,
      "UPDATE_TIME": "2019-11-22",
      "ZASGRS": 5,
      "DELETE_FLAG": "0",
      "WZJD": "121.792184576721",
      "FGAQR": "包芹方",
      "ZDWXY": "氨罐",
      "WXGY": "无",
      "UPDATE_ID": "6666"
    },
    {
      "SCDZ": "梅山街道港通路121号",
      "NJXSSR": "0",
      "HXP": "液氨",
      "CGRJ": "500",
      "WHZRS": 9,
      "CREATE_NAME": "系统开发",
      "ZGRS": 89,
      "QYFZR": "柳世亮",
      "ZDWXYJB": "003",
      "FGAQRSJ": "15888094245",
      "CREATOR_ID": "6666",
      "FZRSJ": "57486708682",
      "QYLX": "003",
      "AQSCBZHDJ": "003",
      "QYMC": "浙江蓝雪食品有限公司",
      "WZWD": "29.9585488004583",
      "CREATE_TIME": "2019-11-22",
      "UUID": "30",
      "TZRS": 5,
      "YJZDH": "无",
      "UPDATE_NAME": "系统开发",
      "WKFJZMJ": "0",
      "JHZRS": 0,
      "UPDATE_TIME": "2019-11-22",
      "ZASGRS": 2,
      "DELETE_FLAG": "0",
      "WZJD": "121.792184576721",
      "FGAQR": "过宇隽",
      "ZDWXY": "氨罐",
      "WXGY": "无",
      "UPDATE_ID": "6666"
    },
    {
      "SCDZ": "北仑区大港工业城凤洋一路18号（原宁波麦芽公司）",
      "NJXSSR": "0",
      "HXP": "液氨",
      "CGRJ": "600",
      "WHZRS": 25,
      "CREATE_NAME": "系统开发",
      "ZGRS": 96,
      "QYFZR": "贺正元",
      "ZDWXYJB": "003",
      "FGAQRSJ": "15867481510",
      "CREATOR_ID": "6666",
      "FZRSJ": "13906690810",
      "QYLX": "003",
      "AQSCBZHDJ": "002",
      "QYMC": "粤海永顺泰（宁波）麦芽有限公司",
      "WZWD": "29.9585488004583",
      "CREATE_TIME": "2019-11-22",
      "UUID": "31",
      "TZRS": 8,
      "YJZDH": "无",
      "UPDATE_NAME": "系统开发",
      "WKFJZMJ": "0",
      "JHZRS": 0,
      "UPDATE_TIME": "2019-11-22",
      "ZASGRS": 3,
      "DELETE_FLAG": "0",
      "WZJD": "121.792184576721",
      "FGAQR": "赵波",
      "ZDWXY": "氨罐",
      "WXGY": "无",
      "UPDATE_ID": "6666"
    },
    {
      "SCDZ": "宁波市北仑区戚家山青峙化工区",
      "NJXSSR": "0",
      "HXP": "原油、汽油、石脑油",
      "CGRJ": "1850000\n",
      "WHZRS": 142,
      "CREATE_NAME": "系统开发",
      "ZGRS": 217,
      "QYFZR": "黄文斌",
      "ZDWXYJB": "001",
      "FGAQRSJ": "13884410208",
      "CREATOR_ID": "6666",
      "FZRSJ": "13957408898",
      "QYLX": "003",
      "AQSCBZHDJ": "003",
      "QYMC": "中石化镇海炼化分公司港务储运部",
      "WZWD": "29.9585488004583",
      "CREATE_TIME": "2019-11-22",
      "UUID": "32",
      "TZRS": 21,
      "YJZDH": "86448283",
      "UPDATE_NAME": "系统开发",
      "WKFJZMJ": "0",
      "JHZRS": 0,
      "UPDATE_TIME": "2019-11-22",
      "ZASGRS": 34,
      "DELETE_FLAG": "0",
      "WZJD": "121.792184576721",
      "FGAQR": "史姚平",
      "ZDWXY": "罐区",
      "WXGY": "无",
      "UPDATE_ID": "6666"
    },
    {
      "SCDZ": "宁波北仑霞浦台塑工业园区",
      "NJXSSR": "0",
      "HXP": "液氨",
      "CGRJ": "900",
      "WHZRS": 20,
      "CREATE_NAME": "系统开发",
      "ZGRS": 89,
      "QYFZR": "叶金木",
      "ZDWXYJB": "003",
      "FGAQRSJ": "13777239116",
      "CREATOR_ID": "6666",
      "FZRSJ": "18358292162",
      "QYLX": "003",
      "AQSCBZHDJ": "002",
      "QYMC": "台塑集团热电（宁波）有限公司",
      "WZWD": "29.923333",
      "CREATE_TIME": "2019-11-22",
      "UUID": "33",
      "TZRS": 9,
      "YJZDH": "0574-86028509",
      "UPDATE_NAME": "系统开发",
      "WKFJZMJ": "0",
      "JHZRS": 0,
      "UPDATE_TIME": "2019-11-22",
      "ZASGRS": 4,
      "DELETE_FLAG": "0",
      "WZJD": "121.894444",
      "FGAQR": "何忠伟",
      "ZDWXY": "氨罐",
      "WXGY": "无",
      "UPDATE_ID": "6666"
    },
    {
      "SCDZ": "宁波市北仑区戚家山街道江滨路308号",
      "NJXSSR": "18000",
      "HXP": "对甲酚，双环戊二烯，异丁烯，甲苯，三氟化硼，甲磺酸，液氮",
      "CGRJ": "485",
      "WHZRS": 20,
      "CREATE_NAME": "系统开发",
      "ZGRS": 51,
      "QYFZR": "夏军",
      "ZDWXYJB": "003",
      "FGAQRSJ": "13586594278",
      "CREATOR_ID": "6666",
      "FZRSJ": "17352406156",
      "QYLX": "003",
      "AQSCBZHDJ": "003",
      "QYMC": "欧诺法化学（宁波）有限公司",
      "WZWD": "29.969515",
      "CREATE_TIME": "2019-11-22",
      "UUID": "34",
      "TZRS": 7,
      "YJZDH": "0574-86183709",
      "UPDATE_NAME": "系统开发",
      "WKFJZMJ": "256",
      "JHZRS": 0,
      "UPDATE_TIME": "2019-11-22",
      "ZASGRS": 2,
      "DELETE_FLAG": "0",
      "WZJD": "121.748419",
      "FGAQR": "彭际炳",
      "ZDWXY": "异丁烯储罐",
      "WXGY": "无",
      "UPDATE_ID": "6666"
    }
  ]
}